locus	category	variant_id	chrom	pos	ref	alt	rsids	consequence	AF	AC	AN	filters	flags
GAPDH	Housekeeping	12-6534512-G-A	12	6534512	G	A	rs1417076606	non_coding_transcript_exon_variant	9.436944694785615e-06	4	423866	PASS	
GAPDH	Housekeeping	12-6534512-G-T	12	6534512	G	T		non_coding_transcript_exon_variant	3.6813700586810387e-06	1	271638	AS_VQSR	
GAPDH	Housekeeping	12-6534512-G-C	12	6534512	G	C	rs1417076606	non_coding_transcript_exon_variant	2.1233125563267637e-05	9	423866	PASS	
GAPDH	Housekeeping	12-6534513-C-CTTCGCTCTCTGCTCCTCCTGT	12	6534513	C	CTTCGCTCTCTGCTCCTCCTGT		non_coding_transcript_exon_variant	0.0	0	275850	AC0,AS_VQSR	
GAPDH	Housekeeping	12-6534513-C-T	12	6534513	C	T	rs45508900	non_coding_transcript_exon_variant	0.0009247583018074821	396	428220	PASS	
GAPDH	Housekeeping	12-6534513-C-A	12	6534513	C	A		non_coding_transcript_exon_variant	0.0	0	275850	AC0	
GAPDH	Housekeeping	12-6534514-T-G	12	6534514	T	G		non_coding_transcript_exon_variant	0.0	0	276500	AC0	
GAPDH	Housekeeping	12-6534514-T-A	12	6534514	T	A		non_coding_transcript_exon_variant	3.616636528028933e-06	1	276500	PASS	
GAPDH	Housekeeping	12-6534515-T-C	12	6534515	T	C		non_coding_transcript_exon_variant	0.0	0	278146	AC0	
GAPDH	Housekeeping	12-6534515-T-G	12	6534515	T	G		non_coding_transcript_exon_variant	3.5952341576006845e-06	1	278146	PASS	
GAPDH	Housekeeping	12-6534515-T-A	12	6534515	T	A		non_coding_transcript_exon_variant	0.0	0	278146	AC0,AS_VQSR	
GAPDH	Housekeeping	12-6534516-C-A	12	6534516	C	A	rs1040077043	non_coding_transcript_exon_variant	3.686058405595437e-05	16	434068	AS_VQSR	
GAPDH	Housekeeping	12-6534516-C-T	12	6534516	C	T	rs1040077043	non_coding_transcript_exon_variant	1.8430292027977183e-05	8	434068	PASS	
GAPDH	Housekeeping	12-6534516-C-G	12	6534516	C	G	rs1040077043	non_coding_transcript_exon_variant	6.5684896414918355e-06	1	152242	PASS	
GAPDH	Housekeeping	12-6534517-G-A	12	6534517	G	A		5_prime_UTR_variant	3.5285068064896296e-06	1	283406	AS_VQSR	
GAPDH	Housekeeping	12-6534517-G-C	12	6534517	G	C	rs1271310017	5_prime_UTR_variant	6.886230293904309e-06	3	435652	PASS	
GAPDH	Housekeeping	12-6534517-G-T	12	6534517	G	T		5_prime_UTR_variant	3.528481905944786e-06	1	283408	AS_VQSR	
GAPDH	Housekeeping	12-6534518-C-G	12	6534518	C	G	rs564320185	5_prime_UTR_variant	4.523495033202454e-06	2	442136	PASS	
GAPDH	Housekeeping	12-6534518-C-T	12	6534518	C	T	rs564320185	5_prime_UTR_variant	4.9745169065740505e-05	22	442254	PASS	
GAPDH	Housekeeping	12-6534519-T-A	12	6534519	T	A	rs1254041419	5_prime_UTR_variant	2.252292834105119e-06	1	443992	AC0	
GAPDH	Housekeeping	12-6534519-T-G	12	6534519	T	G	rs1254041419	5_prime_UTR_variant	1.8018342672840952e-05	8	443992	PASS	
GAPDH	Housekeeping	12-6534520-C-G	12	6534520	C	G	rs532940876	5_prime_UTR_variant	1.017790986443024e-05	3	294756	PASS	
GAPDH	Housekeeping	12-6534520-C-A	12	6534520	C	A		5_prime_UTR_variant	0.0	0	294756	AC0	
GAPDH	Housekeeping	12-6534520-C-T	12	6534520	C	T	rs532940876	5_prime_UTR_variant	0.002889682134965154	1292	447108	PASS	
GAPDH	Housekeeping	12-6534521-T-G	12	6534521	T	G	rs947590041	5_prime_UTR_variant	0.000107095046854083	48	448200	PASS	
GAPDH	Housekeeping	12-6534521-T-C	12	6534521	T	C		5_prime_UTR_variant	3.3801141126524432e-06	1	295848	PASS	
GAPDH	Housekeeping	12-6534522-C-G	12	6534522	C	G	rs1015638048	5_prime_UTR_variant	9.767278315339836e-06	3	307148	PASS	
GAPDH	Housekeeping	12-6534522-C-A	12	6534522	C	A		5_prime_UTR_variant	0.0	0	307148	AC0	
GAPDH	Housekeeping	12-6534522-C-T	12	6534522	C	T	rs1015638048	5_prime_UTR_variant	8.706592196281414e-06	4	459422	PASS	
GAPDH	Housekeeping	12-6534523-T-C	12	6534523	T	C		5_prime_UTR_variant	0.0	0	308706	AC0	
GAPDH	Housekeeping	12-6534523-T-A	12	6534523	T	A	rs1302454969	5_prime_UTR_variant	9.71798410137801e-06	3	308706	PASS	
GAPDH	Housekeeping	12-6534524-GCTC-G	12	6534524	GCTC	G		5_prime_UTR_variant	0.0	0	310756	AC0	
GAPDH	Housekeeping	12-6534524-G-T	12	6534524	G	T		5_prime_UTR_variant	0.0	0	310756	AC0	
GAPDH	Housekeeping	12-6534524-G-A	12	6534524	G	A	rs1946413398	5_prime_UTR_variant	0.0	0	310756	AC0	
GAPDH	Housekeeping	12-6534524-G-C	12	6534524	G	C		5_prime_UTR_variant	3.2179587843838897e-06	1	310756	PASS	
GAPDH	Housekeeping	12-6534525-C-A	12	6534525	C	A		5_prime_UTR_variant	0.0	0	313186	AC0	
GAPDH	Housekeeping	12-6534525-C-T	12	6534525	C	T	rs965167354	5_prime_UTR_variant	7.519798555339271e-05	35	465438	PASS	
GAPDH	Housekeeping	12-6534526-T-C	12	6534526	T	C		5_prime_UTR_variant	6.340711808307601e-06	2	315422	PASS	
GAPDH	Housekeeping	12-6534527-C-T	12	6534527	C	T	rs1369456965	5_prime_UTR_variant	2.9726011109035007e-05	14	470968	PASS	
GAPDH	Housekeeping	12-6534527-C-G	12	6534527	C	G		5_prime_UTR_variant	4.24657301557643e-06	2	470968	PASS	
GAPDH	Housekeeping	12-6534528-C-G	12	6534528	C	G		5_prime_UTR_variant	3.1206116398814168e-06	1	320450	PASS	
GAPDH	Housekeeping	12-6534528-C-T	12	6534528	C	T	rs1323236582	5_prime_UTR_variant	1.4808483992028805e-05	7	472702	PASS	
GAPDH	Housekeeping	12-6534528-C-A	12	6534528	C	A		5_prime_UTR_variant	0.0	0	320450	AC0,AS_VQSR	
GAPDH	Housekeeping	12-6534529-T-C	12	6534529	T	C	rs1237587490	5_prime_UTR_variant	1.4787399445683769e-05	7	473376	PASS	
GAPDH	Housekeeping	12-6534529-T-G	12	6534529	T	G	rs1237587490	5_prime_UTR_variant	6.570906653700077e-06	1	152186	PASS	
GAPDH	Housekeeping	12-6534529-T-A	12	6534529	T	A	rs1237587490	5_prime_UTR_variant	0.0	0	321190	AC0	
GAPDH	Housekeeping	12-6534530-C-G	12	6534530	C	G	rs1385128877	5_prime_UTR_variant	6.1715823319941e-06	2	324066	PASS	
GAPDH	Housekeeping	12-6534530-C-A	12	6534530	C	A	rs1385128877	5_prime_UTR_variant	0.0	0	324066	AC0	
GAPDH	Housekeeping	12-6534530-C-T	12	6534530	C	T	rs1385128877	5_prime_UTR_variant	6.5683170658014006e-06	1	152246	PASS	
GAPDH	Housekeeping	12-6534531-C-A	12	6534531	C	A		5_prime_UTR_variant	0.0	0	325682	AC0,AS_VQSR	
GAPDH	Housekeeping	12-6534531-C-G	12	6534531	C	G	rs1003449954	5_prime_UTR_variant	3.0704797931724813e-06	1	325682	PASS	
GAPDH	Housekeeping	12-6534531-C-T	12	6534531	C	T	rs1003449954	5_prime_UTR_variant	2.3015922833887807e-05	11	477930	PASS	
GAPDH	Housekeeping	12-6534532-T-C	12	6534532	T	C	rs1195624433	5_prime_UTR_variant	4.182123096611226e-06	2	478226	PASS	
GAPDH	Housekeeping	12-6534532-T-G	12	6534532	T	G		5_prime_UTR_variant	3.0672776683782076e-06	1	326022	PASS	
GAPDH	Housekeeping	12-6534532-T-A	12	6534532	T	A	rs1195624433	5_prime_UTR_variant	6.134555336756415e-06	2	326022	PASS	
GAPDH	Housekeeping	12-6534533-G-T	12	6534533	G	T		5_prime_UTR_variant	0.0	0	330946	AC0	
GAPDH	Housekeeping	12-6534534-T-A	12	6534534	T	A		5_prime_UTR_variant	0.0	0	329552	AC0	
GAPDH	Housekeeping	12-6534534-T-C	12	6534534	T	C		5_prime_UTR_variant	3.0344224887119485e-06	1	329552	PASS	
GAPDH	Housekeeping	12-6534535-T-A	12	6534535	T	A		5_prime_UTR_variant	0.0	0	332332	AC0	
GAPDH	Housekeeping	12-6534535-T-C	12	6534535	T	C		5_prime_UTR_variant	0.0	0	332332	AC0	
GAPDH	Housekeeping	12-6534536-C-T	12	6534536	C	T		5_prime_UTR_variant	2.085182691792125e-05	7	335702	PASS	
GAPDH	Housekeeping	12-6534536-C-A	12	6534536	C	A		5_prime_UTR_variant	0.0	0	335702	AC0,AS_VQSR	
GAPDH	Housekeeping	12-6534536-C-G	12	6534536	C	G	rs976533742	5_prime_UTR_variant	1.0247833607975275e-05	5	487908	PASS	
GAPDH	Housekeeping	12-6534537-G-A	12	6534537	G	A	rs45568532	5_prime_UTR_variant	0.006748463747719146	3299	488852	PASS	
GAPDH	Housekeeping	12-6534537-G-T	12	6534537	G	T		5_prime_UTR_variant	0.0	0	336538	AC0	
GAPDH	Housekeeping	12-6534537-G-C	12	6534537	G	C		5_prime_UTR_variant	2.971432646536201e-06	1	336538	PASS	
GAPDH	Housekeeping	12-6534538-A-G	12	6534538	A	G	rs932498163	5_prime_UTR_variant	1.2168164026851081e-05	6	493090	PASS	
GAPDH	Housekeeping	12-6534538-ACAGT-A	12	6534538	ACAGT	A	rs1453675033	5_prime_UTR_variant	5.475673812082987e-05	27	493090	PASS	
GAPDH	Housekeeping	12-6534539-C-T	12	6534539	C	T	rs989298596	5_prime_UTR_variant	6.866717022591499e-05	34	495142	PASS	
GAPDH	Housekeeping	12-6534540-A-G	12	6534540	A	G	rs559414721	5_prime_UTR_variant	0.0005262945636392967	261	495920	PASS	
GAPDH	Housekeeping	12-6534540-A-T	12	6534540	A	T	rs559414721	5_prime_UTR_variant	2.9101914906000813e-06	1	343620	PASS	
GAPDH	Housekeeping	12-6534540-A-C	12	6534540	A	C	rs559414721	5_prime_UTR_variant	1.2101605076219943e-05	6	495802	PASS	
GAPDH	Housekeeping	12-6534541-G-T	12	6534541	G	T	rs945260926	5_prime_UTR_variant	0.0	0	347662	AC0	
GAPDH	Housekeeping	12-6534541-G-A	12	6534541	G	A	rs945260926	5_prime_UTR_variant	3.1998720051197955e-05	16	500020	PASS	
GAPDH	Housekeeping	12-6534541-G-C	12	6534541	G	C	rs945260926	5_prime_UTR_variant	8.62907076413298e-06	3	347662	PASS	
GAPDH	Housekeeping	12-6534542-T-G	12	6534542	T	G	rs1042393207	5_prime_UTR_variant	7.995970031104323e-06	4	500252	PASS	
GAPDH	Housekeeping	12-6534542-T-A	12	6534542	T	A	rs1042393207	5_prime_UTR_variant	3.997042188780302e-06	2	500370	PASS	
GAPDH	Housekeeping	12-6534543-C-A	12	6534543	C	A	rs906493212	5_prime_UTR_variant	5.9530660274396655e-06	3	503942	AS_VQSR	
GAPDH	Housekeeping	12-6534543-C-T	12	6534543	C	T	rs906493212	5_prime_UTR_variant	1.7859198082318996e-05	9	503942	PASS	
GAPDH	Housekeeping	12-6534543-C-G	12	6534543	C	G	rs906493212	5_prime_UTR_variant	9.921776712399444e-06	5	503942	PASS	
GAPDH	Housekeeping	12-6534544-A-C	12	6534544	A	C	rs939358816	5_prime_UTR_variant	3.372895412465428e-05	17	504018	PASS	
GAPDH	Housekeeping	12-6534544-A-T	12	6534544	A	T	rs939358816	5_prime_UTR_variant	6.57133845021554e-06	1	152176	PASS	
GAPDH	Housekeeping	12-6534544-A-G	12	6534544	A	G	rs939358816	5_prime_UTR_variant	1.785650512481697e-05	9	504018	PASS	
GAPDH	Housekeeping	12-6534545-GCCGCA-G	12	6534545	GCCGCA	G	rs1170623647	5_prime_UTR_variant	2.1695910123706134e-05	11	507008	PASS	
GAPDH	Housekeeping	12-6534545-G-T	12	6534545	G	T	rs1346258090	5_prime_UTR_variant	5.9170663973744e-06	3	507008	PASS	
GAPDH	Housekeeping	12-6534545-G-A	12	6534545	G	A	rs1346258090	5_prime_UTR_variant	2.8186163975827545e-06	1	354784	PASS	
GAPDH	Housekeeping	12-6534545-G-C	12	6534545	G	C	rs1346258090	5_prime_UTR_variant	3.9447109315829335e-05	20	507008	PASS	
GAPDH	Housekeeping	12-6534546-C-T	12	6534546	C	T	rs528502920	5_prime_UTR_variant	0.00040728949822720854	207	508238	PASS	
GAPDH	Housekeeping	12-6534546-C-G	12	6534546	C	G	rs528502920	5_prime_UTR_variant	1.967574374311349e-06	1	508240	AC0	
GAPDH	Housekeeping	12-6534546-C-A	12	6534546	C	A		5_prime_UTR_variant	0.0	0	355914	AC0	
GAPDH	Housekeeping	12-6534547-C-A	12	6534547	C	A	rs367946267	5_prime_UTR_variant	0.0	0	357342	AC0	
GAPDH	Housekeeping	12-6534547-C-T	12	6534547	C	T	rs367946267	5_prime_UTR_variant	0.00018835643315701079	96	509672	PASS	
GAPDH	Housekeeping	12-6534548-G-A	12	6534548	G	A	rs1463600627	5_prime_UTR_variant	5.906628024193548e-06	3	507904	AC0,AS_VQSR	
GAPDH	Housekeeping	12-6534548-G-C	12	6534548	G	C		5_prime_UTR_variant	0.0	0	355716	AC0	
GAPDH	Housekeeping	12-6534549-C-A	12	6534549	C	A	rs527918526	5_prime_UTR_variant	6.569438969911969e-06	1	152220	PASS	
GAPDH	Housekeeping	12-6534549-C-T	12	6534549	C	T	rs527918526	5_prime_UTR_variant	9.730390344339053e-05	50	513854	PASS	
GAPDH	Housekeeping	12-6534550-ATCT-A	12	6534550	ATCT	A	rs1367796845	5_prime_UTR_variant	6.631765375943076e-05	34	512684	PASS	
GAPDH	Housekeeping	12-6534550-A-G	12	6534550	A	G	rs1025498919	5_prime_UTR_variant	1.3653581334384009e-05	7	512686	PASS	
GAPDH	Housekeeping	12-6534550-A-T	12	6534550	A	T	rs1025498919	5_prime_UTR_variant	5.851534857593147e-06	3	512686	PASS	
GAPDH	Housekeeping	12-6534551-T-A	12	6534551	T	A	rs1946414571	5_prime_UTR_variant	9.724599346506924e-06	5	514160	PASS	
GAPDH	Housekeeping	12-6534551-T-C	12	6534551	T	C		5_prime_UTR_variant	2.7621562496547306e-06	1	362036	PASS	
GAPDH	Housekeeping	12-6534552-C-T	12	6534552	C	T	rs551180067	5_prime_UTR_variant	3.091644059019485e-05	16	517524	PASS	
GAPDH	Housekeeping	12-6534552-C-A	12	6534552	C	A	rs551180067	5_prime_UTR_variant	8.212338216937127e-06	3	365304	PASS	
GAPDH	Housekeeping	12-6534553-T-A	12	6534553	T	A		5_prime_UTR_variant	2.7385105788663662e-06	1	365162	PASS	
GAPDH	Housekeeping	12-6534554-T-C	12	6534554	T	C	rs3199979	5_prime_UTR_variant	0.0	0	367008	AC0	
GAPDH	Housekeeping	12-6534554-TC-T	12	6534554	TC	T	rs1946414768	5_prime_UTR_variant	1.9260771586509757e-06	1	519190	AC0,AS_VQSR	
GAPDH	Housekeeping	12-6534555-C-T	12	6534555	C	T		5_prime_UTR_variant	2.7102033736611594e-06	1	368976	PASS	
GAPDH	Housekeeping	12-6534555-C-G	12	6534555	C	G	rs11549332	5_prime_UTR_variant	8.130610120983478e-06	3	368976	PASS	
GAPDH	Housekeeping	12-6534555-CT-C	12	6534555	CT	C		5_prime_UTR_variant	0.0	0	368976	AC0,AS_VQSR	
GAPDH	Housekeeping	12-6534556-T-A	12	6534556	T	A	rs1946414806	5_prime_UTR_variant	1.624150028151934e-05	6	369424	PASS	
GAPDH	Housekeeping	12-6534557-T-G	12	6534557	T	G		5_prime_UTR_variant	0.0	0	368296	AC0	
GAPDH	Housekeeping	12-6534557-T-C	12	6534557	T	C		5_prime_UTR_variant	0.0	0	368296	AC0	
GAPDH	Housekeeping	12-6534558-T-C	12	6534558	T	C	rs1385877947	5_prime_UTR_variant	1.1497821162889633e-05	6	521838	PASS	
GAPDH	Housekeeping	12-6534559-T-A	12	6534559	T	A	rs1946414920	5_prime_UTR_variant	9.543951806860956e-06	5	523892	PASS	
GAPDH	Housekeeping	12-6534560-G-T	12	6534560	G	T		5_prime_UTR_variant	2.6933270129926094e-06	1	371288	PASS	
GAPDH	Housekeeping	12-6534561-C-A	12	6534561	C	A		5_prime_UTR_variant	0.0	0	371552	AC0,AS_VQSR	
GAPDH	Housekeeping	12-6534561-C-T	12	6534561	C	T	rs537766086	5_prime_UTR_variant	7.63501570904482e-06	4	523902	AS_VQSR	
GAPDH	Housekeeping	12-6534562-G-A	12	6534562	G	A	rs1475730717	5_prime_UTR_variant	5.711478930354226e-06	3	525258	AS_VQSR	
GAPDH	Housekeeping	12-6534562-G-GTCGCC	12	6534562	G	GTCGCC		5_prime_UTR_variant	5.361297862986672e-06	2	373044	PASS	
GAPDH	Housekeeping	12-6534564-C-T	12	6534564	C	T	rs2136065838	5_prime_UTR_variant	5.2972274311625295e-06	2	377556	PASS	
GAPDH	Housekeeping	12-6534564-C-A	12	6534564	C	A		5_prime_UTR_variant	0.0	0	377556	AC0	
GAPDH	Housekeeping	12-6534565-G-T	12	6534565	G	T		5_prime_UTR_variant	0.0	0	374814	AC0,AS_VQSR	
GAPDH	Housekeeping	12-6534565-G-A	12	6534565	G	A		5_prime_UTR_variant	5.3359230346461484e-06	2	374818	PASS	
GAPDH	Housekeeping	12-6534566-C-A	12	6534566	C	A		5_prime_UTR_variant	0.0	0	379932	AC0	
GAPDH	Housekeeping	12-6534572-G-T	12	6534572	G	T	rs886697686	intron_variant	5.127574042169169e-06	2	390048	PASS	
GAPDH	Housekeeping	12-6534572-G-A	12	6534572	G	A		intron_variant	2.5637870210845844e-06	1	390048	PASS	
GAPDH	Housekeeping	12-6534573-A-AGCCACATCGCTC	12	6534573	A	AGCCACATCGCTC		intron_variant	0.0	0	389842	AC0,AS_VQSR	
GAPDH	Housekeeping	12-6534573-A-G	12	6534573	A	G		intron_variant	2.5651417753859254e-06	1	389842	PASS	
GAPDH	Housekeeping	12-6534573-A-AGCC	12	6534573	A	AGCC		intron_variant	0.0	0	389842	AC0	
GAPDH	Housekeeping	12-6534573-A-AGCCAC	12	6534573	A	AGCCAC		intron_variant	0.0	0	389842	AC0,AS_VQSR	
GAPDH	Housekeeping	12-6534574-A-G	12	6534574	A	G		intron_variant	0.0	0	390018	AC0	
GAPDH	Housekeeping	12-6534575-G-T	12	6534575	G	T		intron_variant	0.0	0	392472	AC0	
GAPDH	Housekeeping	12-6534578-G-T	12	6534578	G	T		5_prime_UTR_variant	2.5415414957480012e-06	1	393462	PASS	
GAPDH	Housekeeping	12-6534578-G-C	12	6534578	G	C		5_prime_UTR_variant	2.541528576947319e-06	1	393464	PASS	
GAPDH	Housekeeping	12-6534578-G-A	12	6534578	G	A	rs1191138613	5_prime_UTR_variant	5.497767906230071e-06	3	545676	PASS	
GAPDH	Housekeeping	12-6534579-G-T	12	6534579	G	T		5_prime_UTR_variant	2.511906436509053e-06	1	398104	PASS	
GAPDH	Housekeeping	12-6534579-G-A	12	6534579	G	A	rs1444281154	5_prime_UTR_variant	3.634222748780718e-06	2	550324	PASS	
GAPDH	Housekeeping	12-6534580-G-T	12	6534580	G	T		5_prime_UTR_variant	0.0	0	398604	AC0	
GAPDH	Housekeeping	12-6534580-G-C	12	6534580	G	C		5_prime_UTR_variant	0.0	0	398604	AC0,AS_VQSR	
GAPDH	Housekeeping	12-6534581-C-T	12	6534581	C	T		5_prime_UTR_variant	5.012757467755438e-06	2	398982	PASS	
GAPDH	Housekeeping	12-6534581-C-G	12	6534581	C	G	rs1258489578	5_prime_UTR_variant	5.443282807572695e-06	3	551138	PASS	
GAPDH	Housekeeping	12-6534581-C-A	12	6534581	C	A	rs1258489578	5_prime_UTR_variant	7.257710410096927e-06	4	551138	AC0	
GAPDH	Housekeeping	12-6534582-GGA-G	12	6534582	GGA	G		5_prime_UTR_variant	0.0	0	399988	AC0	
GAPDH	Housekeeping	12-6534582-G-A	12	6534582	G	A		5_prime_UTR_variant	0.0	0	399988	AC0	
GAPDH	Housekeeping	12-6534582-G-T	12	6534582	G	T		5_prime_UTR_variant	0.0	0	399988	AC0	
GAPDH	Housekeeping	12-6534583-G-T	12	6534583	G	T		5_prime_UTR_variant	0.0	0	401988	AC0	
GAPDH	Housekeeping	12-6534583-G-A	12	6534583	G	A		5_prime_UTR_variant	0.0	0	401988	AC0	
GAPDH	Housekeeping	12-6534584-A-T	12	6534584	A	T	rs1946415443	5_prime_UTR_variant	0.0	0	400570	AC0	
GAPDH	Housekeeping	12-6534584-A-AGAGAAACCCGGGAGGC	12	6534584	A	AGAGAAACCCGGGAGGC		5_prime_UTR_variant	4.992885138677385e-06	2	400570	PASS	
GAPDH	Housekeeping	12-6534584-A-G	12	6534584	A	G		5_prime_UTR_variant	0.0	0	400570	AC0,AS_VQSR	
GAPDH	Housekeeping	12-6534586-A-G	12	6534586	A	G		5_prime_UTR_variant	2.482005460412013e-06	1	402900	PASS	
GAPDH	Housekeeping	12-6534586-A-AG	12	6534586	A	AG		5_prime_UTR_variant	7.446016381236039e-06	3	402900	PASS	
GAPDH	Housekeeping	12-6534587-G-T	12	6534587	G	T		5_prime_UTR_variant	0.0	0	404654	AC0	
GAPDH	Housekeeping	12-6534588-A-C	12	6534588	A	C		5_prime_UTR_variant	2.471027206009538e-06	1	404690	PASS	
GAPDH	Housekeeping	12-6534589-A-C	12	6534589	A	C	rs1946415487	5_prime_UTR_variant	6.5733254453427986e-06	1	152130	PASS	
GAPDH	Housekeeping	12-6534590-A-C	12	6534590	A	C		5_prime_UTR_variant	2.4876240702505036e-06	1	401990	PASS	
GAPDH	Housekeeping	12-6534590-A-G	12	6534590	A	G		5_prime_UTR_variant	1.49256701625903e-05	6	401992	PASS	
GAPDH	Housekeeping	12-6534591-C-A	12	6534591	C	A	rs1946415528	5_prime_UTR_variant	0.0	0	407700	AC0	
GAPDH	Housekeeping	12-6534592-C-A	12	6534592	C	A		5_prime_UTR_variant	0.0	0	408284	AC0	
GAPDH	Housekeeping	12-6534593-C-A	12	6534593	C	A		5_prime_UTR_variant	2.446004451728102e-06	1	408830	AS_VQSR	
GAPDH	Housekeeping	12-6534593-C-T	12	6534593	C	T	rs1210516964	5_prime_UTR_variant	0.0	0	408830	AC0,AS_VQSR	
GAPDH	Housekeeping	12-6534594-G-T	12	6534594	G	T		5_prime_UTR_variant	0.0	0	407954	AC0	
GAPDH	Housekeeping	12-6534594-G-A	12	6534594	G	A	rs1219058126	5_prime_UTR_variant	1.7852042273636103e-06	1	560160	AC0	
GAPDH	Housekeeping	12-6534595-G-A	12	6534595	G	A		5_prime_UTR_variant	2.439226667577311e-06	1	409966	PASS	
GAPDH	Housekeeping	12-6534595-G-T	12	6534595	G	T		5_prime_UTR_variant	0.0	0	409966	AC0	
GAPDH	Housekeeping	12-6534597-A-G	12	6534597	A	G		5_prime_UTR_variant	0.0	0	409058	AC0	
GAPDH	Housekeeping	12-6534598-G-T	12	6534598	G	T		5_prime_UTR_variant	0.0	0	421150	AC0,AS_VQSR	
GAPDH	Housekeeping	12-6534599-G-T	12	6534599	G	T	rs1346150622	5_prime_UTR_variant	3.473609253695052e-06	2	575770	PASS	
GAPDH	Housekeeping	12-6534600-C-G	12	6534600	C	G	rs912657215	5_prime_UTR_variant	2.9501596556990145e-05	17	576240	PASS	
GAPDH	Housekeeping	12-6534600-C-T	12	6534600	C	T		5_prime_UTR_variant	2.358891132456455e-06	1	423928	PASS	
GAPDH	Housekeeping	12-6534601-T-G	12	6534601	T	G	rs964436761	5_prime_UTR_variant	4.7115139979080875e-06	2	424492	PASS	
GAPDH	Housekeeping	12-6534601-T-C	12	6534601	T	C	rs964436761	5_prime_UTR_variant	2.081237642651497e-05	12	576580	PASS	
GAPDH	Housekeeping	12-6534602-A-C	12	6534602	A	C		5_prime_UTR_variant	0.0	0	420450	AC0	
GAPDH	Housekeeping	12-6534602-A-G	12	6534602	A	G		5_prime_UTR_variant	4.756785554593628e-06	2	420452	PASS	
GAPDH	Housekeeping	12-6534603-G-T	12	6534603	G	T		5_prime_UTR_variant	0.0	0	426808	AC0	
GAPDH	Housekeeping	12-6534604-G-GA	12	6534604	G	GA	rs1269030709	5_prime_UTR_variant	8.632149577887885e-06	5	579230	PASS	
GAPDH	Housekeeping	12-6534604-G-T	12	6534604	G	T	rs1946415906	5_prime_UTR_variant	4.683380089077889e-06	2	427042	PASS	
GAPDH	Housekeeping	12-6534605-G-A	12	6534605	G	A	rs1257315777	5_prime_UTR_variant	3.446291273645866e-06	2	580334	AC0	
GAPDH	Housekeeping	12-6534605-G-C	12	6534605	G	C		5_prime_UTR_variant	2.3359792191288666e-06	1	428086	PASS	
GAPDH	Housekeeping	12-6534606-A-G	12	6534606	A	G		5_prime_UTR_variant	0.0	0	426988	AC0	
GAPDH	Housekeeping	12-6534607-C-G	12	6534607	C	G	rs184407116	5_prime_UTR_variant	0.00042431058154697427	246	579764	PASS	
GAPDH	Housekeeping	12-6534607-C-T	12	6534607	C	T	rs184407116	5_prime_UTR_variant	1.725190892372241e-06	1	579646	AC0	
GAPDH	Housekeeping	12-6534607-C-A	12	6534607	C	A	rs184407116	5_prime_UTR_variant	0.0	0	427432	AC0	
GAPDH	Housekeeping	12-6534608-G-C	12	6534608	G	C		5_prime_UTR_variant	4.677115342341457e-06	2	427614	PASS	
GAPDH	Housekeeping	12-6534608-G-A	12	6534608	G	A		5_prime_UTR_variant	2.3385576711707286e-06	1	427614	PASS	
GAPDH	Housekeeping	12-6534608-G-T	12	6534608	G	T		5_prime_UTR_variant	0.0	0	427614	AC0,AS_VQSR	
GAPDH	Housekeeping	12-6534609-G-A	12	6534609	G	A		5_prime_UTR_variant	0.0	0	433766	AC0	
GAPDH	Housekeeping	12-6534609-G-T	12	6534609	G	T	rs1223851066	5_prime_UTR_variant	6.570906653700077e-06	1	152186	PASS	
GAPDH	Housekeeping	12-6534610-C-T	12	6534610	C	T		5_prime_UTR_variant	2.300278333678375e-06	1	434730	PASS	
GAPDH	Housekeeping	12-6534610-C-A	12	6534610	C	A		5_prime_UTR_variant	0.0	0	434730	AC0	
GAPDH	Housekeeping	12-6534612-T-C	12	6534612	T	C		5_prime_UTR_variant	2.2939673247294267e-06	1	435926	PASS	
GAPDH	Housekeeping	12-6534613-G-T	12	6534613	G	T		5_prime_UTR_variant	0.0	0	437114	AC0	
GAPDH	Housekeeping	12-6534615-A-T	12	6534615	A	T		5_prime_UTR_variant	0.0	0	436510	AC0	
GAPDH	Housekeeping	12-6534616-G-A	12	6534616	G	A		5_prime_UTR_variant	2.284022803683672e-06	1	437824	PASS	
GAPDH	Housekeeping	12-6534616-G-T	12	6534616	G	T		5_prime_UTR_variant	0.0	0	437824	AC0	
GAPDH	Housekeeping	12-6534617-G-T	12	6534617	G	T	rs1946416317	5_prime_UTR_variant	6.779959794838417e-06	4	589974	PASS	
GAPDH	Housekeeping	12-6534618-C-T	12	6534618	C	T	rs1413853259	5_prime_UTR_variant	6.714225765841377e-06	4	595750	AC0	
GAPDH	Housekeeping	12-6534618-C-A	12	6534618	C	A		5_prime_UTR_variant	0.0	0	443684	AC0,AS_VQSR	
GAPDH	Housekeeping	12-6534619-G-T	12	6534619	G	T		5_prime_UTR_variant	0.0	0	444508	AC0,AS_VQSR	
GAPDH	Housekeeping	12-6534619-G-GGCAGGGGCGGGCGCAGGCCGGATGTGTTCGCGCCGCTGCGGGGTGGGCCCGGGCGGCCTCCGCATT	12	6534619	G	GGCAGGGGCGGGCGCAGGCCGGATGTGTTCGCGCCGCTGCGGGGTGGGCCCGGGCGGCCTCCGCATT		5_prime_UTR_variant	2.2496782960036713e-06	1	444508	PASS	
GAPDH	Housekeeping	12-6534619-G-A	12	6534619	G	A	rs571028238	5_prime_UTR_variant	3.3509593796704e-06	2	596844	PASS	
GAPDH	Housekeeping	12-6534620-GC-G	12	6534620	GC	G		5_prime_UTR_variant	2.2493949127684653e-06	1	444564	PASS	
GAPDH	Housekeeping	12-6534620-G-T	12	6534620	G	T		5_prime_UTR_variant	0.0	0	444564	AC0	
GAPDH	Housekeeping	12-6534620-G-A	12	6534620	G	A		5_prime_UTR_variant	0.0	0	444564	AC0,AS_VQSR	
GAPDH	Housekeeping	12-6534621-C-T	12	6534621	C	T	rs1946416441	5_prime_UTR_variant	4.493957873638893e-06	2	445042	PASS	
GAPDH	Housekeeping	12-6534621-C-A	12	6534621	C	A		5_prime_UTR_variant	0.0	0	445042	AC0,AS_VQSR	
GAPDH	Housekeeping	12-6534622-A-T	12	6534622	A	T		5_prime_UTR_variant	0.0	0	445974	AC0,AS_VQSR	
GAPDH	Housekeeping	12-6534622-A-AG	12	6534622	A	AG		5_prime_UTR_variant	2.2422831824276753e-06	1	445974	PASS	
GAPDH	Housekeeping	12-6534623-G-A	12	6534623	G	A	rs914604947	5_prime_UTR_variant	1.9707799033003994e-05	3	152224	PASS	
GAPDH	Housekeeping	12-6534624-G-T	12	6534624	G	T		5_prime_UTR_variant	0.0	0	449168	AC0	
GAPDH	Housekeeping	12-6534625-G-A	12	6534625	G	A		5_prime_UTR_variant	0.0	0	452514	AC0,AS_VQSR	
GAPDH	Housekeeping	12-6534625-G-T	12	6534625	G	T		5_prime_UTR_variant	0.0	0	452514	AC0	
GAPDH	Housekeeping	12-6534626-G-A	12	6534626	G	A		5_prime_UTR_variant	2.2063268629120865e-06	1	453242	PASS	
GAPDH	Housekeeping	12-6534626-G-T	12	6534626	G	T		5_prime_UTR_variant	2.2063268629120865e-06	1	453242	PASS	
GAPDH	Housekeeping	12-6534627-C-T	12	6534627	C	T		5_prime_UTR_variant	8.833337013890422e-06	4	452830	PASS	
GAPDH	Housekeeping	12-6534627-C-A	12	6534627	C	A		5_prime_UTR_variant	0.0	0	452830	AC0	
GAPDH	Housekeeping	12-6534628-G-T	12	6534628	G	T		5_prime_UTR_variant	2.201334008409096e-06	1	454270	PASS	
GAPDH	Housekeeping	12-6534628-G-C	12	6534628	G	C	rs2136065976	5_prime_UTR_variant	0.0	0	454272	AC0	
GAPDH	Housekeeping	12-6534628-G-A	12	6534628	G	A		5_prime_UTR_variant	0.0	0	454272	AC0,AS_VQSR	
GAPDH	Housekeeping	12-6534629-G-T	12	6534629	G	T		5_prime_UTR_variant	0.0	0	457398	AC0	
GAPDH	Housekeeping	12-6534630-G-T	12	6534630	G	T		5_prime_UTR_variant	0.0	0	463016	AC0	
GAPDH	Housekeeping	12-6534630-G-A	12	6534630	G	A	rs1946416520	5_prime_UTR_variant	3.088285968779054e-05	19	615228	PASS	
GAPDH	Housekeeping	12-6534631-C-A	12	6534631	C	A		5_prime_UTR_variant	2.1602657991039216e-06	1	462906	AS_VQSR	
GAPDH	Housekeeping	12-6534631-C-T	12	6534631	C	T	rs1309669521	5_prime_UTR_variant	1.138511282646811e-05	7	614838	PASS	
GAPDH	Housekeeping	12-6534632-G-C	12	6534632	G	C	rs965458683	5_prime_UTR_variant	6.503176801867712e-05	40	615084	PASS	
GAPDH	Housekeeping	12-6534632-G-A	12	6534632	G	A		5_prime_UTR_variant	0.0	0	462898	AC0,AS_VQSR	
GAPDH	Housekeeping	12-6534633-C-A	12	6534633	C	A		5_prime_UTR_variant	0.0	0	466076	AC0	
GAPDH	Housekeeping	12-6534633-C-G	12	6534633	C	G		5_prime_UTR_variant	4.2911272362136806e-06	2	466078	PASS	
GAPDH	Housekeeping	12-6534634-A-G	12	6534634	A	G	rs1488241918	5_prime_UTR_variant	4.3652166602535703e-05	27	618526	PASS	
GAPDH	Housekeeping	12-6534635-G-A	12	6534635	G	A	rs997835772	5_prime_UTR_variant	9.280196987648057e-06	6	646538	PASS	
GAPDH	Housekeeping	12-6534636-G-A	12	6534636	G	A	rs1028107168	5_prime_UTR_variant	4.935118612491402e-05	32	648414	PASS	
GAPDH	Housekeeping	12-6534636-G-C	12	6534636	G	C		5_prime_UTR_variant	2.015218933384923e-06	1	496224	PASS	
GAPDH	Housekeeping	12-6534637-C-A	12	6534637	C	A		5_prime_UTR_variant	2.01388777006235e-06	1	496552	PASS	
GAPDH	Housekeeping	12-6534637-C-T	12	6534637	C	T	rs1265734664	5_prime_UTR_variant	1.0793474573657754e-05	7	648540	PASS	
GAPDH	Housekeeping	12-6534638-C-A	12	6534638	C	A	rs1592182754	5_prime_UTR_variant	6.576524438364813e-06	1	152056	PASS	
GAPDH	Housekeeping	12-6534638-C-T	12	6534638	C	T		5_prime_UTR_variant	2.0044097013429545e-06	1	498900	PASS	
GAPDH	Housekeeping	12-6534639-G-A	12	6534639	G	A	rs1187465197	5_prime_UTR_variant	9.191627040541203e-06	6	652768	PASS	
GAPDH	Housekeeping	12-6534639-G-T	12	6534639	G	T		5_prime_UTR_variant	0.0	0	500598	AC0	
GAPDH	Housekeeping	12-6534640-G-A	12	6534640	G	A		5_prime_UTR_variant	0.0	0	504220	AC0	
GAPDH	Housekeeping	12-6534640-G-C	12	6534640	G	C		5_prime_UTR_variant	0.0	0	504220	AC0	
GAPDH	Housekeeping	12-6534641-A-C	12	6534641	A	C	rs1592182764	5_prime_UTR_variant	0.0	0	502184	AC0	
GAPDH	Housekeeping	12-6534642-T-A	12	6534642	T	A	rs1484836975	5_prime_UTR_variant	8.019985804625126e-06	4	498754	PASS	
GAPDH	Housekeeping	12-6534642-T-G	12	6534642	T	G		5_prime_UTR_variant	2.606558100180053e-05	13	498742	PASS	
GAPDH	Housekeeping	12-6534642-T-C	12	6534642	T	C	rs1484836975	5_prime_UTR_variant	9.229292543962197e-06	6	650104	PASS	
GAPDH	Housekeeping	12-6534643-G-C	12	6534643	G	C		5_prime_UTR_variant	9.818861640456851e-06	5	509224	PASS	
GAPDH	Housekeeping	12-6534643-G-A	12	6534643	G	A		5_prime_UTR_variant	1.9637723280913704e-06	1	509224	PASS	
GAPDH	Housekeeping	12-6534644-T-G	12	6534644	T	G		5_prime_UTR_variant	0.0	0	509434	AC0	
GAPDH	Housekeeping	12-6534645-G-C	12	6534645	G	C	rs953746127	5_prime_UTR_variant	1.9097308425350533e-06	1	523634	PASS	
GAPDH	Housekeeping	12-6534645-G-T	12	6534645	G	T		5_prime_UTR_variant	3.819461685070107e-06	2	523634	PASS	
GAPDH	Housekeeping	12-6534646-T-G	12	6534646	T	G	rs1946417022	5_prime_UTR_variant	0.0	0	522486	AC0	
GAPDH	Housekeeping	12-6534648-C-A	12	6534648	C	A		5_prime_UTR_variant	0.0	0	528410	AC0	
GAPDH	Housekeeping	12-6534648-C-T	12	6534648	C	T		5_prime_UTR_variant	0.0	0	528410	AC0	
GAPDH	Housekeeping	12-6534648-C-G	12	6534648	C	G		5_prime_UTR_variant	1.892469862417441e-06	1	528410	PASS	
GAPDH	Housekeeping	12-6534649-G-A	12	6534649	G	A		5_prime_UTR_variant	0.0	0	530348	AC0,AS_VQSR	
GAPDH	Housekeeping	12-6534650-C-CGCCGCTGCGGGGTGGGCCCGGGCG	12	6534650	C	CGCCGCTGCGGGGTGGGCCCGGGCG		5_prime_UTR_variant	1.8710194062132813e-06	1	534468	PASS	
GAPDH	Housekeeping	12-6534651-G-A	12	6534651	G	A	rs1254369085	5_prime_UTR_variant	2.9043088325840217e-06	2	688632	PASS	
GAPDH	Housekeeping	12-6534651-G-T	12	6534651	G	T	rs1254369085	5_prime_UTR_variant	1.8640093349587494e-06	1	536478	AS_VQSR	
GAPDH	Housekeeping	12-6534653-C-A	12	6534653	C	A	rs1946417134	5_prime_UTR_variant	1.8353473211270501e-06	1	544856	PASS	
GAPDH	Housekeeping	12-6534653-CGCT-C	12	6534653	CGCT	C		5_prime_UTR_variant	7.3413892845082005e-06	4	544856	AS_VQSR	
GAPDH	Housekeeping	12-6534654-G-A	12	6534654	G	A		5_prime_UTR_variant	1.8193660600900223e-06	1	549642	PASS	
GAPDH	Housekeeping	12-6534655-C-CAT	12	6534655	C	CAT		5_prime_UTR_variant	1.8021070235319134e-06	1	554906	PASS	
GAPDH	Housekeeping	12-6534656-TGC-T	12	6534656	TGC	T		5_prime_UTR_variant	1.793882859449278e-06	1	557450	PASS	
GAPDH	Housekeeping	12-6534656-T-C	12	6534656	T	C	rs1205689323	5_prime_UTR_variant	0.0	0	557450	AC0	
GAPDH	Housekeeping	12-6534657-G-T	12	6534657	G	T		5_prime_UTR_variant	0.0	0	560828	AC0	
GAPDH	Housekeeping	12-6534658-C-CGG	12	6534658	C	CGG		5_prime_UTR_variant	1.7812547871222404e-06	1	561402	PASS	
GAPDH	Housekeeping	12-6534658-C-T	12	6534658	C	T	rs866223119	5_prime_UTR_variant	6.738506634621324e-05	48	712324	PASS	
GAPDH	Housekeeping	12-6534658-C-A	12	6534658	C	A		5_prime_UTR_variant	1.7812547871222404e-06	1	561402	PASS	
GAPDH	Housekeeping	12-6534663-TGGGCCCGGGCGGCCTCCGCATTGC-T	12	6534663	TGGGCCCGGGCGGCCTCCGCATTGC	T		intron_variant	1.7237931724000028e-06	1	580116	PASS	
GAPDH	Housekeeping	12-6534664-G-T	12	6534664	G	T		intron_variant	0.0	0	585790	AC0	
GAPDH	Housekeeping	12-6534664-G-A	12	6534664	G	A	rs1946417391	intron_variant	5.121289199201079e-06	3	585790	PASS	
GAPDH	Housekeeping	12-6534664-GGGCCCGGGCGGCCTCCGCATTGCA-G	12	6534664	GGGCCCGGGCGGCCTCCGCATTGCA	G	rs1946417474	intron_variant	8.535481998668465e-06	5	585790	PASS	
GAPDH	Housekeeping	12-6534665-G-C	12	6534665	G	C	rs966658483	intron_variant	1.6857209322711045e-06	1	593218	PASS	
GAPDH	Housekeeping	12-6534666-G-A	12	6534666	G	A		intron_variant	1.6622727257615703e-06	1	601586	PASS	
GAPDH	Housekeeping	12-6534666-G-C	12	6534666	G	C	rs1232273853	intron_variant	3.3171984799269684e-05	25	753648	PASS	
GAPDH	Housekeeping	12-6534666-G-T	12	6534666	G	T		intron_variant	0.0	0	601586	AC0	
GAPDH	Housekeeping	12-6534667-C-A	12	6534667	C	A		intron_variant	1.646377804192995e-06	1	607394	PASS	
GAPDH	Housekeeping	12-6534667-C-T	12	6534667	C	T	rs978447164	intron_variant	8.295040092693782e-05	63	759490	PASS	
GAPDH	Housekeeping	12-6534669-CGGGCGGCCTCCGCATTGCAGGGGCGGGCGGAGGACGTGATGCGGCGCGGGCTGGGCAT-C	12	6534669	CGGGCGGCCTCCGCATTGCAGGGGCGGGCGGAGGACGTGATGCGGCGCGGGCTGGGCAT	C		intron_variant	0.0	0	618810	AC0	
GAPDH	Housekeeping	12-6534669-CG-C	12	6534669	CG	C		intron_variant	1.6160049126549344e-06	1	618810	PASS	
GAPDH	Housekeeping	12-6534670-G-A	12	6534670	G	A		intron_variant	1.600209947545118e-06	1	624918	PASS	
GAPDH	Housekeeping	12-6534670-G-T	12	6534670	G	T		intron_variant	0.0	0	624920	AC0,AS_VQSR	
GAPDH	Housekeeping	12-6534671-G-A	12	6534671	G	A	rs927899261	intron_variant	6.388453764204727e-06	5	782662	PASS	
GAPDH	Housekeeping	12-6534672-G-A	12	6534672	G	A	rs540034703	intron_variant	6.5752271740988655e-06	1	152086	PASS	
GAPDH	Housekeeping	12-6534672-G-T	12	6534672	G	T		intron_variant	0.0	0	633670	AC0	
GAPDH	Housekeeping	12-6534672-G-C	12	6534672	G	C		intron_variant	1.578103498339835e-06	1	633672	PASS	
GAPDH	Housekeeping	12-6534673-C-A	12	6534673	C	A		intron_variant	0.0	0	636990	AC0	
GAPDH	Housekeeping	12-6534673-C-G	12	6534673	C	G		intron_variant	0.0	0	636994	AC0	
GAPDH	Housekeeping	12-6534673-C-T	12	6534673	C	T		intron_variant	1.5698833576665254e-06	1	636990	AS_VQSR	
GAPDH	Housekeeping	12-6534674-G-C	12	6534674	G	C		intron_variant	1.5531278441653645e-06	1	643862	PASS	
GAPDH	Housekeeping	12-6534674-G-A	12	6534674	G	A		intron_variant	3.106255688330729e-06	2	643862	PASS	
GAPDH	Housekeeping	12-6534675-G-T	12	6534675	G	T		intron_variant	1.5284536939668876e-06	1	654256	PASS	
GAPDH	Housekeeping	12-6534675-G-A	12	6534675	G	A		intron_variant	0.0	0	654254	AC0	
GAPDH	Housekeeping	12-6534676-C-T	12	6534676	C	T	rs1946417811	intron_variant	0.0	0	666122	AC0	
GAPDH	Housekeeping	12-6534676-C-G	12	6534676	C	G	rs1946417811	intron_variant	1.5012219947036888e-06	1	666124	PASS	
GAPDH	Housekeeping	12-6534677-C-A	12	6534677	C	A		intron_variant	2.943132788265141e-06	2	679548	PASS	
GAPDH	Housekeeping	12-6534678-T-G	12	6534678	T	G	rs371892266	intron_variant	9.55463459494321e-06	8	837290	PASS	
GAPDH	Housekeeping	12-6534678-T-C	12	6534678	T	C	rs371892266	intron_variant	8.748243061185211e-06	6	685852	PASS	
GAPDH	Housekeeping	12-6534678-T-A	12	6534678	T	A	rs371892266	intron_variant	0.0001516617107918652	127	837390	PASS	
GAPDH	Housekeeping	12-6534679-C-T	12	6534679	C	T	rs939377923	intron_variant	4.368441434548941e-05	37	846984	PASS	
GAPDH	Housekeeping	12-6534680-C-T	12	6534680	C	T	rs1362106154	intron_variant	1.1777758409908392e-05	10	849058	PASS	
GAPDH	Housekeeping	12-6534681-G-T	12	6534681	G	T	rs1946418019	intron_variant	0.0	0	702074	AC0,AS_VQSR	
GAPDH	Housekeeping	12-6534681-G-GC	12	6534681	G	GC	rs1946418099	intron_variant	6.577043487411538e-06	1	152044	PASS	
GAPDH	Housekeeping	12-6534682-C-A	12	6534682	C	A		intron_variant	0.0	0	707394	AC0	
GAPDH	Housekeeping	12-6534684-T-C	12	6534684	T	C	rs1044781887	intron_variant	6.583191794709747e-06	1	151902	PASS	
GAPDH	Housekeeping	12-6534684-T-A	12	6534684	T	A	rs1044781887	intron_variant	2.2870106940620053e-06	2	874504	PASS	
GAPDH	Housekeeping	12-6534685-TGCAGGGGCGG-T	12	6534685	TGCAGGGGCGG	T		intron_variant	1.3648858545959802e-06	1	732662	PASS	
GAPDH	Housekeeping	12-6534685-T-C	12	6534685	T	C		intron_variant	0.0	0	732662	AC0	
GAPDH	Housekeeping	12-6534685-T-G	12	6534685	T	G	rs188796702	intron_variant	6.788374682077786e-06	6	883864	PASS	
GAPDH	Housekeeping	12-6534686-G-A	12	6534686	G	A		intron_variant	0.0	0	712980	AC0	
GAPDH	Housekeeping	12-6534686-G-T	12	6534686	G	T		intron_variant	0.0	0	712982	AC0,AS_VQSR	
GAPDH	Housekeeping	12-6534687-C-A	12	6534687	C	A		intron_variant	0.0	0	722822	AC0	
GAPDH	Housekeeping	12-6534687-C-G	12	6534687	C	G	rs1178072921	intron_variant	0.0	0	722822	AC0	
GAPDH	Housekeeping	12-6534687-C-T	12	6534687	C	T	rs1178072921	intron_variant	2.2869636212696766e-06	2	874522	AC0	
GAPDH	Housekeeping	12-6534688-A-AG	12	6534688	A	AG		intron_variant	0.0	0	717576	AC0	
GAPDH	Housekeeping	12-6534688-A-C	12	6534688	A	C		intron_variant	0.0	0	717578	AC0	
GAPDH	Housekeeping	12-6534688-A-G	12	6534688	A	G	rs2136066136	intron_variant	0.0	0	717578	AC0,AS_VQSR	
GAPDH	Housekeeping	12-6534689-G-A	12	6534689	G	A		intron_variant	0.0	0	725022	AC0	
GAPDH	Housekeeping	12-6534690-G-T	12	6534690	G	T		intron_variant	0.0	0	728580	AC0	
GAPDH	Housekeeping	12-6534691-G-T	12	6534691	G	T		intron_variant	0.0	0	736886	AC0	
GAPDH	Housekeeping	12-6534692-G-T	12	6534692	G	T		intron_variant	1.3568741960520388e-06	1	736988	PASS	
GAPDH	Housekeeping	12-6534692-G-A	12	6534692	G	A		intron_variant	1.3568741960520388e-06	1	736988	PASS	
GAPDH	Housekeeping	12-6534692-G-C	12	6534692	G	C		intron_variant	0.0	0	736988	AC0	
GAPDH	Housekeeping	12-6534693-C-A	12	6534693	C	A		intron_variant	0.0	0	741376	AC0,AS_VQSR	
GAPDH	Housekeeping	12-6534693-C-T	12	6534693	C	T	rs1055035697	intron_variant	6.744161579320782e-06	5	741382	PASS	
GAPDH	Housekeeping	12-6534694-G-A	12	6534694	G	A		intron_variant	1.322216140027978e-06	1	756306	PASS	
GAPDH	Housekeeping	12-6534694-G-T	12	6534694	G	T	rs1946418298	intron_variant	0.0	0	756306	AC0,AS_VQSR	
GAPDH	Housekeeping	12-6534695-G-A	12	6534695	G	A		intron_variant	0.0	0	765554	AC0,AS_VQSR	
GAPDH	Housekeeping	12-6534695-G-T	12	6534695	G	T		intron_variant	0.0	0	765556	AC0,AS_VQSR	
GAPDH	Housekeeping	12-6534696-G-A	12	6534696	G	A		intron_variant	0.0	0	777534	AC0,AS_VQSR	
GAPDH	Housekeeping	12-6534697-CGGA-C	12	6534697	CGGA	C		intron_variant	0.0	0	775880	AC0	
GAPDH	Housekeeping	12-6534697-C-A	12	6534697	C	A		intron_variant	2.577738137893524e-06	2	775874	PASS	
GAPDH	Housekeeping	12-6534697-C-T	12	6534697	C	T	rs1336094842	intron_variant	2.5777182038459555e-06	2	775880	PASS	
GAPDH	Housekeeping	12-6534697-C-G	12	6534697	C	G		intron_variant	0.0	0	775878	AC0	
GAPDH	Housekeeping	12-6534698-G-A	12	6534698	G	A	rs1946418376	intron_variant	1.264244879176117e-06	1	790986	PASS	
GAPDH	Housekeeping	12-6534698-G-T	12	6534698	G	T		intron_variant	0.0	0	790988	AC0,AS_VQSR	
GAPDH	Housekeeping	12-6534699-G-C	12	6534699	G	C	rs916682773	intron_variant	1.152638704350268e-05	11	954332	PASS	
GAPDH	Housekeeping	12-6534699-G-A	12	6534699	G	A	rs916682773	intron_variant	3.7395293179098526e-06	3	802240	PASS	
GAPDH	Housekeeping	12-6534699-G-T	12	6534699	G	T		intron_variant	0.0	0	802240	AC0	
GAPDH	Housekeeping	12-6534700-A-G	12	6534700	A	G	rs2136066158	intron_variant	1.266127296438384e-06	1	789810	PASS	
GAPDH	Housekeeping	12-6534701-G-A	12	6534701	G	A		intron_variant	1.2270601112207284e-06	1	814956	PASS	
GAPDH	Housekeeping	12-6534702-G-A	12	6534702	G	A	rs1469945602	intron_variant	7.218072403453126e-06	7	969788	PASS	
GAPDH	Housekeeping	12-6534703-A-G	12	6534703	A	G		intron_variant	0.0	0	818946	AC0	
GAPDH	Housekeeping	12-6534704-C-T	12	6534704	C	T	rs553144566	intron_variant	6.363399368997108e-05	62	974322	PASS	
GAPDH	Housekeeping	12-6534704-C-G	12	6534704	C	G		intron_variant	1.21138410324869e-06	1	825502	PASS	
GAPDH	Housekeeping	12-6534704-C-A	12	6534704	C	A		intron_variant	0.0	0	825502	AC0	
GAPDH	Housekeeping	12-6534705-G-GT	12	6534705	G	GT	rs1946418587	intron_variant	6.003866490019573e-06	6	999356	PASS	
GAPDH	Housekeeping	12-6534705-G-T	12	6534705	G	T	rs1231586454	intron_variant	2.001288830006524e-06	2	999356	PASS	
GAPDH	Housekeeping	12-6534706-T-C	12	6534706	T	C	rs2136066178	intron_variant	1.3724951962668131e-05	2	145720	PASS	
GAPDH	Housekeeping	12-6534707-G-T	12	6534707	G	T		intron_variant	1.1422566422223744e-06	1	875460	PASS	
GAPDH	Housekeeping	12-6534708-A-T	12	6534708	A	T	rs1224402782	intron_variant	3.893292635447651e-06	4	1027408	PASS	
GAPDH	Housekeeping	12-6534709-T-G	12	6534709	T	G		intron_variant	1.113647753215658e-06	1	897950	PASS	
GAPDH	Housekeeping	12-6534711-C-A	12	6534711	C	A	rs1946418623	intron_variant	0.0	0	899916	AC0	
GAPDH	Housekeeping	12-6534711-C-T	12	6534711	C	T	rs1946418623	intron_variant	8.58385472302762e-06	9	1048480	PASS	
GAPDH	Housekeeping	12-6534711-C-G	12	6534711	C	G		intron_variant	1.1112049461954564e-06	1	899924	PASS	
GAPDH	Housekeeping	12-6534711-CG-C	12	6534711	CG	C		intron_variant	1.1112049461954564e-06	1	899924	PASS	
GAPDH	Housekeeping	12-6534712-G-A	12	6534712	G	A		intron_variant	0.0	0	922142	AC0	
GAPDH	Housekeeping	12-6534712-G-T	12	6534712	G	T		intron_variant	1.0844316818884728e-06	1	922142	PASS	
GAPDH	Housekeeping	12-6534713-G-T	12	6534713	G	T		intron_variant	1.0772750972779412e-06	1	928268	PASS	
GAPDH	Housekeeping	12-6534713-G-A	12	6534713	G	A		intron_variant	1.0772774183262126e-06	1	928266	PASS	
GAPDH	Housekeeping	12-6534714-C-A	12	6534714	C	A		intron_variant	0.0	0	932290	AC0	
GAPDH	Housekeeping	12-6534714-C-T	12	6534714	C	T	rs45497495	intron_variant	0.01007346990062346	10903	1082348	PASS	
GAPDH	Housekeeping	12-6534714-C-CG	12	6534714	C	CG		intron_variant	1.0726230137703342e-06	1	932294	PASS	
GAPDH	Housekeeping	12-6534715-G-T	12	6534715	G	T		intron_variant	1.0600856549209176e-06	1	943320	AS_VQSR	
GAPDH	Housekeeping	12-6534715-G-A	12	6534715	G	A		intron_variant	3.1802569647627528e-06	3	943320	PASS	
GAPDH	Housekeeping	12-6534715-G-C	12	6534715	G	C	rs1338264602	intron_variant	3.9462260924469235e-05	6	152044	PASS	
GAPDH	Housekeeping	12-6534716-C-CGGGCTGGGCATGGA	12	6534716	C	CGGGCTGGGCATGGA		intron_variant	7.440523642795341e-06	7	940794	PASS	
GAPDH	Housekeeping	12-6534716-C-G	12	6534716	C	G		intron_variant	0.0	0	940794	AC0	
GAPDH	Housekeeping	12-6534716-CG-C	12	6534716	CG	C	rs1946418956	intron_variant	1.1960709987744873e-05	13	1086892	PASS	
GAPDH	Housekeeping	12-6534716-C-T	12	6534716	C	T	rs1946418846	intron_variant	0.0	0	940792	AC0	
GAPDH	Housekeeping	12-6534716-C-A	12	6534716	C	A		intron_variant	0.0	0	940794	AC0	
GAPDH	Housekeeping	12-6534717-G-A	12	6534717	G	A	rs1946418894	intron_variant	7.271004894425009e-06	7	962728	PASS	
GAPDH	Housekeeping	12-6534717-G-T	12	6534717	G	T	rs1946418894	intron_variant	4.154859939671434e-06	4	962728	PASS	
GAPDH	Housekeeping	12-6534718-G-T	12	6534718	G	T		intron_variant	5.143757741355401e-06	5	972052	PASS	
GAPDH	Housekeeping	12-6534719-G-A	12	6534719	G	A		intron_variant	5.11130375047024e-06	5	978224	AS_VQSR	
GAPDH	Housekeeping	12-6534719-G-T	12	6534719	G	T	rs1285905314	intron_variant	1.022260750094048e-06	1	978224	PASS	
GAPDH	Housekeeping	12-6534719-G-GA	12	6534719	G	GA		intron_variant	1.022260750094048e-06	1	978224	PASS	
GAPDH	Housekeeping	12-6534719-G-C	12	6534719	G	C		intron_variant	1.022260750094048e-06	1	978224	PASS	
GAPDH	Housekeeping	12-6534720-C-T	12	6534720	C	T	rs1946419056	intron_variant	1.0140794794932848e-06	1	986116	AS_VQSR	
GAPDH	Housekeeping	12-6534720-C-G	12	6534720	C	G	rs1946419056	intron_variant	3.0422384384798545e-06	3	986116	PASS	
GAPDH	Housekeeping	12-6534720-C-A	12	6534720	C	A		intron_variant	0.0	0	986108	AC0	
GAPDH	Housekeeping	12-6534720-C-CG	12	6534720	C	CG		intron_variant	1.0140794794932848e-06	1	986116	PASS	
GAPDH	Housekeeping	12-6534721-TG-T	12	6534721	TG	T	rs1946419222	intron_variant	0.0	0	992864	AC0	
GAPDH	Housekeeping	12-6534721-T-C	12	6534721	T	C	rs1946419091	intron_variant	6.990855960403792e-06	1	143044	PASS	
GAPDH	Housekeeping	12-6534722-G-C	12	6534722	G	C		intron_variant	0.0	0	1007410	AC0	
GAPDH	Housekeeping	12-6534722-G-T	12	6534722	G	T		intron_variant	0.0	0	1007410	AC0	
GAPDH	Housekeeping	12-6534722-G-A	12	6534722	G	A	rs1224048164	intron_variant	1.1211361766496656e-05	13	1159538	PASS	
GAPDH	Housekeeping	12-6534722-G-GATGC	12	6534722	G	GATGC		intron_variant	9.926445042237024e-07	1	1007410	PASS	
GAPDH	Housekeeping	12-6534723-G-C	12	6534723	G	C		intron_variant	9.794376852361523e-07	1	1020994	PASS	
GAPDH	Housekeeping	12-6534724-G-A	12	6534724	G	A		intron_variant	9.705552935056264e-07	1	1030338	PASS	
GAPDH	Housekeeping	12-6534725-C-T	12	6534725	C	T		intron_variant	0.0	0	1034390	AC0	
GAPDH	Housekeeping	12-6534725-C-A	12	6534725	C	A		intron_variant	0.0	0	1034382	AC0	
GAPDH	Housekeeping	12-6534726-A-T	12	6534726	A	T	rs1372314746	intron_variant	1.4365630651185586e-05	17	1183380	PASS	
GAPDH	Housekeeping	12-6534726-A-C	12	6534726	A	C	rs1372314746	intron_variant	1.2674378321743319e-05	15	1183490	PASS	
GAPDH	Housekeeping	12-6534726-A-G	12	6534726	A	G		intron_variant	2.899262234403419e-06	3	1034746	PASS	
GAPDH	Housekeeping	12-6534727-T-C	12	6534727	T	C	rs1277595929	intron_variant	9.36362904298093e-07	1	1067962	PASS	
GAPDH	Housekeeping	12-6534727-T-G	12	6534727	T	G	rs1277595929	intron_variant	1.6502875626077843e-06	2	1211910	AC0,AS_VQSR	
GAPDH	Housekeeping	12-6534728-G-A	12	6534728	G	A	rs1946419313	intron_variant	2.419643634885454e-06	3	1239852	PASS	
GAPDH	Housekeeping	12-6534729-G-T	12	6534729	G	T		intron_variant	0.0	0	1099108	AC0	
GAPDH	Housekeeping	12-6534729-G-A	12	6534729	G	A	rs1229967980	intron_variant	4.795304437894414e-06	6	1251224	PASS	
GAPDH	Housekeeping	12-6534730-A-G	12	6534730	A	G	rs1592182907	intron_variant	5.666263552488218e-06	7	1235382	AS_VQSR	
GAPDH	Housekeeping	12-6534731-G-C	12	6534731	G	C		intron_variant	7.173884191987489e-06	8	1115156	PASS	
GAPDH	Housekeeping	12-6534731-G-A	12	6534731	G	A		intron_variant	3.5869420959937444e-06	4	1115156	PASS	
GAPDH	Housekeeping	12-6534731-G-T	12	6534731	G	T		intron_variant	0.0	0	1115156	AC0	
GAPDH	Housekeeping	12-6534732-G-T	12	6534732	G	T		intron_variant	0.0	0	1120140	AC0	
GAPDH	Housekeeping	12-6534732-G-A	12	6534732	G	A	rs370224073	intron_variant	0.0018367991750515985	2337	1272322	PASS	
GAPDH	Housekeeping	12-6534733-C-A	12	6534733	C	A		intron_variant	0.0	0	1131160	AC0	
GAPDH	Housekeeping	12-6534733-C-T	12	6534733	C	T	rs555362742	intron_variant	6.545736777222083e-05	84	1283278	PASS	
GAPDH	Housekeeping	12-6534734-C-T	12	6534734	C	T	rs1459946582	intron_variant	1.7326548257035878e-06	2	1154298	PASS	
GAPDH	Housekeeping	12-6534734-CTGGTGGGGGAGGGGAGGGGAGGCG-C	12	6534734	CTGGTGGGGGAGGGGAGGGGAGGCG	C		5_prime_UTR_variant	8.663274128517939e-07	1	1154298	PASS	
GAPDH	Housekeeping	12-6534734-C-A	12	6534734	C	A		intron_variant	0.0	0	1154294	AC0	
GAPDH	Housekeeping	12-6534735-T-TGGTGG	12	6534735	T	TGGTGG		intron_variant	0.0	0	1160716	AC0	
GAPDH	Housekeeping	12-6534735-T-G	12	6534735	T	G		intron_variant	0.0	0	143968	AC0,AS_VQSR	
GAPDH	Housekeeping	12-6534736-G-A	12	6534736	G	A		intron_variant	0.0	0	1176408	AC0	
GAPDH	Housekeeping	12-6534736-G-T	12	6534736	G	T		intron_variant	0.0	0	1176408	AC0	
GAPDH	Housekeeping	12-6534736-G-C	12	6534736	G	C		intron_variant	8.50045222405832e-07	1	1176408	PASS	
GAPDH	Housekeeping	12-6534737-G-A	12	6534737	G	A	rs1946419581	intron_variant	2.235819315988344e-06	3	1341790	PASS	
GAPDH	Housekeeping	12-6534737-G-T	12	6534737	G	T		intron_variant	0.0	0	1189672	AC0	
GAPDH	Housekeeping	12-6534738-TG-T	12	6534738	TG	T		intron_variant	8.498545049087597e-07	1	1176672	PASS	
GAPDH	Housekeeping	12-6534738-T-TGGGG	12	6534738	T	TGGGG		intron_variant	8.498458379649931e-07	1	1176684	PASS	
GAPDH	Housekeeping	12-6534738-T-TGGGGG	12	6534738	T	TGGGGG	rs1946419709	intron_variant	7.648612541684938e-06	9	1176684	PASS	
GAPDH	Housekeeping	12-6534738-T-G	12	6534738	T	G	rs1219529173	intron_variant	4.90707984278943e-05	64	1304238	AS_VQSR	
GAPDH	Housekeeping	12-6534739-GGGGGA-G	12	6534739	GGGGGA	G	rs1160090025	intron_variant	1.7103932417157474e-05	23	1344720	PASS	
GAPDH	Housekeeping	12-6534739-GGGGGAGGGGA-G	12	6534739	GGGGGAGGGGA	G		intron_variant	0.0	0	1192684	AC0	
GAPDH	Housekeeping	12-6534739-G-GGGGGA	12	6534739	G	GGGGGA	rs1160090025	intron_variant	1.7102813189689533e-05	23	1344808	AS_VQSR	
GAPDH	Housekeeping	12-6534739-G-T	12	6534739	G	T	rs1946419650	intron_variant	6.707537931127001e-06	8	1192688	PASS	
GAPDH	Housekeeping	12-6534739-G-A	12	6534739	G	A	rs1946419650	intron_variant	0.0	0	1192688	AC0	
GAPDH	Housekeeping	12-6534739-G-C	12	6534739	G	C	rs1946419650	intron_variant	4.461603440788574e-06	6	1344808	PASS	
GAPDH	Housekeeping	12-6534740-G-C	12	6534740	G	C	rs575095159	intron_variant	5.103863624763946e-06	6	1175580	PASS	
GAPDH	Housekeeping	12-6534740-G-T	12	6534740	G	T	rs575095159	intron_variant	5.271695663503147e-06	7	1327846	PASS	
GAPDH	Housekeeping	12-6534740-G-A	12	6534740	G	A	rs575095159	intron_variant	1.7012878749213154e-06	2	1175580	PASS	
GAPDH	Housekeeping	12-6534741-G-T	12	6534741	G	T		intron_variant	0.0	0	1189900	AC0	
GAPDH	Housekeeping	12-6534741-G-A	12	6534741	G	A	rs1946419866	intron_variant	8.404081694397335e-07	1	1189898	PASS	
GAPDH	Housekeeping	12-6534742-G-T	12	6534742	G	T		intron_variant	1.6701656637321856e-06	2	1197486	PASS	
GAPDH	Housekeeping	12-6534742-G-A	12	6534742	G	A		intron_variant	0.0	0	1197486	AC0	
GAPDH	Housekeeping	12-6534743-G-C	12	6534743	G	C		intron_variant	8.358701993884774e-07	1	1196358	PASS	
GAPDH	Housekeeping	12-6534743-G-T	12	6534743	G	T	rs1008063762	intron_variant	1.1123701493245689e-05	15	1348472	PASS	
GAPDH	Housekeeping	12-6534743-G-A	12	6534743	G	A		intron_variant	0.0	0	1196358	AC0	
GAPDH	Housekeeping	12-6534744-A-G	12	6534744	A	G	rs1044436316	intron_variant	9.07759246730515e-05	117	1288888	AS_VQSR	
GAPDH	Housekeeping	12-6534744-A-T	12	6534744	A	T	rs1044436316	intron_variant	2.8705758219932658e-05	37	1288940	AS_VQSR	
GAPDH	Housekeeping	12-6534744-AG-A	12	6534744	AG	A		intron_variant	0.0	0	1160494	AC0	
GAPDH	Housekeeping	12-6534744-A-C	12	6534744	A	C		intron_variant	0.0	0	1160496	AC0	
GAPDH	Housekeeping	12-6534745-G-A	12	6534745	G	A		intron_variant	0.0	0	1239430	AC0	
GAPDH	Housekeeping	12-6534745-G-T	12	6534745	G	T		intron_variant	1.7750066159337504e-05	22	1239432	PASS	
GAPDH	Housekeeping	12-6534745-G-C	12	6534745	G	C		intron_variant	0.0	0	1239432	AC0	
GAPDH	Housekeeping	12-6534746-G-A	12	6534746	G	A	rs1005051174	intron_variant	0.00019841694680570128	278	1401090	PASS	
GAPDH	Housekeeping	12-6534746-G-T	12	6534746	G	T		intron_variant	8.007636081767574e-07	1	1248808	PASS	
GAPDH	Housekeeping	12-6534747-G-T	12	6534747	G	T		intron_variant	0.0	0	1258100	AC0	
GAPDH	Housekeeping	12-6534747-G-A	12	6534747	G	A	rs1946419981	intron_variant	7.948493760432398e-07	1	1258100	PASS	
GAPDH	Housekeeping	12-6534748-G-A	12	6534748	G	A		intron_variant	7.936974076255272e-07	1	1259926	PASS	
GAPDH	Housekeeping	12-6534748-G-T	12	6534748	G	T	rs544502915	intron_variant	7.081310438984597e-07	1	1412168	AC0	
GAPDH	Housekeeping	12-6534749-A-AG	12	6534749	A	AG	rs1216271124	intron_variant	6.83854202284073e-06	1	146230	PASS	
GAPDH	Housekeeping	12-6534749-A-T	12	6534749	A	T	rs1946420063	intron_variant	7.169815649700015e-07	1	1394736	AC0,AS_VQSR	
GAPDH	Housekeeping	12-6534749-A-G	12	6534749	A	G	rs1946420063	intron_variant	7.170237205787242e-07	1	1394654	AC0	
GAPDH	Housekeeping	12-6534749-A-C	12	6534749	A	C		intron_variant	8.010060636159016e-07	1	1248430	PASS	
GAPDH	Housekeeping	12-6534750-G-A	12	6534750	G	A	rs1946420101	intron_variant	3.1281183429731515e-06	4	1278724	PASS	
GAPDH	Housekeeping	12-6534750-G-T	12	6534750	G	T		intron_variant	0.0	0	1278724	AC0	
GAPDH	Housekeeping	12-6534751-G-T	12	6534751	G	T		intron_variant	1.5562797443966147e-06	2	1285116	PASS	
GAPDH	Housekeeping	12-6534751-G-A	12	6534751	G	A	rs1041051921	intron_variant	0.0	0	1285118	AC0	
GAPDH	Housekeeping	12-6534752-G-GGAGGC	12	6534752	G	GGAGGC	rs1946420309	intron_variant	2.3244353946426414e-06	3	1290636	PASS	
GAPDH	Housekeeping	12-6534752-G-A	12	6534752	G	A	rs1946420225	intron_variant	0.0	0	1290634	AC0	
GAPDH	Housekeeping	12-6534753-G-T	12	6534753	G	T	rs1946420269	intron_variant	0.0	0	1299002	AC0	
GAPDH	Housekeeping	12-6534753-G-C	12	6534753	G	C		intron_variant	7.69819384975897e-07	1	1299006	PASS	
GAPDH	Housekeeping	12-6534754-A-C	12	6534754	A	C		5_prime_UTR_variant	0.0	0	1296262	AC0	
GAPDH	Housekeeping	12-6534754-A-G	12	6534754	A	G	rs2136066361	5_prime_UTR_variant	0.0	0	1296258	AC0	
GAPDH	Housekeeping	12-6534755-G-A	12	6534755	G	A		5_prime_UTR_variant	3.0447424909038316e-06	4	1313740	PASS	
GAPDH	Housekeeping	12-6534755-G-C	12	6534755	G	C		5_prime_UTR_variant	7.611844639206176e-07	1	1313742	PASS	
GAPDH	Housekeeping	12-6534756-G-A	12	6534756	G	A		5_prime_UTR_variant	7.599823684090529e-07	1	1315820	PASS	
GAPDH	Housekeeping	12-6534757-C-T	12	6534757	C	T	rs1592182978	5_prime_UTR_variant	6.829087664239558e-06	9	1317892	PASS	
GAPDH	Housekeeping	12-6534757-C-A	12	6534757	C	A		5_prime_UTR_variant	0.0	0	1317890	AC0	
GAPDH	Housekeeping	12-6534758-G-A	12	6534758	G	A		5_prime_UTR_variant	7.497330950181735e-07	1	1333808	PASS	
GAPDH	Housekeeping	12-6534758-G-T	12	6534758	G	T		5_prime_UTR_variant	0.0	0	1333810	AC0	
GAPDH	Housekeeping	12-6534759-T-G	12	6534759	T	G		5_prime_UTR_variant	7.471406925695364e-07	1	1338436	PASS	
GAPDH	Housekeeping	12-6534759-T-C	12	6534759	T	C	rs1466737453	5_prime_UTR_variant	1.2701391773682119e-05	17	1338436	PASS	
GAPDH	Housekeeping	12-6534760-G-T	12	6534760	G	T		5_prime_UTR_variant	0.0	0	1351162	AC0	
GAPDH	Housekeeping	12-6534760-GT-G	12	6534760	GT	G		5_prime_UTR_variant	0.0	0	1351160	AC0	
GAPDH	Housekeeping	12-6534761-T-G	12	6534761	T	G	rs3741915	5_prime_UTR_variant	0.27877816121239446	417976	1499314	PASS	
GAPDH	Housekeeping	12-6534762-G-A	12	6534762	G	A		5_prime_UTR_variant	7.276262213206125e-07	1	1374332	PASS	
GAPDH	Housekeeping	12-6534763-T-A	12	6534763	T	A		5_prime_UTR_variant	1.448666502484463e-06	2	1380580	PASS	
GAPDH	Housekeeping	12-6534763-T-C	12	6534763	T	C	rs1946420512	5_prime_UTR_variant	7.243332512422315e-07	1	1380580	AS_VQSR	
GAPDH	Housekeeping	12-6534764-G-A	12	6534764	G	A		5_prime_UTR_variant	0.0	0	1396512	AC0,AS_VQSR	
GAPDH	Housekeeping	12-6534765-T-C	12	6534765	T	C		5_prime_UTR_variant	1.4262486807199704e-06	2	1402280	PASS	
GAPDH	Housekeeping	12-6534766-C-G	12	6534766	C	G		5_prime_UTR_variant	1.4254334386728644e-06	2	1403082	PASS	
GAPDH	Housekeeping	12-6534766-C-A	12	6534766	C	A		5_prime_UTR_variant	0.0	0	1403080	AC0	
GAPDH	Housekeeping	12-6534766-CG-C	12	6534766	CG	C		5_prime_UTR_variant	7.127167193364322e-07	1	1403082	PASS	
GAPDH	Housekeeping	12-6534766-C-T	12	6534766	C	T	rs975517935	5_prime_UTR_variant	1.928997461439341e-06	3	1555212	AS_VQSR	
GAPDH	Housekeeping	12-6534768-G-A	12	6534768	G	A		5_prime_UTR_variant	1.4135334519759077e-06	2	1414894	AS_VQSR	
GAPDH	Housekeeping	12-6534769-C-A	12	6534769	C	A		5_prime_UTR_variant	0.0	0	1417264	AC0	
GAPDH	Housekeeping	12-6534769-C-T	12	6534769	C	T	rs997861943	5_prime_UTR_variant	4.460252144425513e-06	7	1569418	PASS	
GAPDH	Housekeeping	12-6534770-C-G	12	6534770	C	G	rs1027966350	5_prime_UTR_variant	6.356179986677447e-06	10	1573272	PASS	
GAPDH	Housekeeping	12-6534770-CG-C	12	6534770	CG	C		5_prime_UTR_variant	0.0	0	1421130	AC0	
GAPDH	Housekeeping	12-6534770-C-T	12	6534770	C	T	rs1027966350	5_prime_UTR_variant	6.991797985345192e-06	11	1573272	PASS	
GAPDH	Housekeeping	12-6534771-G-C	12	6534771	G	C		5_prime_UTR_variant	4.9228518784196236e-06	7	1421940	PASS	
GAPDH	Housekeeping	12-6534771-G-A	12	6534771	G	A	rs953777393	5_prime_UTR_variant	2.1097995971689302e-05	30	1421936	PASS	
GAPDH	Housekeeping	12-6534771-G-T	12	6534771	G	T		5_prime_UTR_variant	3.516337607793329e-06	5	1421934	PASS	
GAPDH	Housekeeping	12-6534772-G-A	12	6534772	G	A		5_prime_UTR_variant	6.999311267771251e-07	1	1428712	PASS	
GAPDH	Housekeeping	12-6534772-G-T	12	6534772	G	T		5_prime_UTR_variant	2.0997933803313753e-06	3	1428712	AS_VQSR	
GAPDH	Housekeeping	12-6534772-G-C	12	6534772	G	C	rs1946420723	5_prime_UTR_variant	2.0997933803313753e-06	3	1428712	PASS	
GAPDH	Housekeeping	12-6534773-G-T	12	6534773	G	T	rs1236237710	5_prime_UTR_variant	4.4211122002485924e-06	7	1583312	PASS	
GAPDH	Housekeeping	12-6534773-G-C	12	6534773	G	C		5_prime_UTR_variant	6.987592830170749e-07	1	1431108	PASS	
GAPDH	Housekeeping	12-6534773-G-A	12	6534773	G	A	rs1236237710	5_prime_UTR_variant	2.0962778490512245e-06	3	1431108	PASS	
GAPDH	Housekeeping	12-6534774-G-A	12	6534774	G	A	rs1946420818	5_prime_UTR_variant	1.2620541951312473e-06	2	1584718	PASS	
GAPDH	Housekeeping	12-6534775-C-A	12	6534775	C	A	rs1946420863	5_prime_UTR_variant	0.0	0	1433118	AC0,AS_VQSR	
GAPDH	Housekeeping	12-6534775-C-T	12	6534775	C	T		5_prime_UTR_variant	0.0	0	1433124	AC0,AS_VQSR	
GAPDH	Housekeeping	12-6534776-C-T	12	6534776	C	T	rs1182972009	5_prime_UTR_variant	9.435137205765247e-06	15	1589802	PASS	
GAPDH	Housekeeping	12-6534776-C-A	12	6534776	C	A	rs1182972009	5_prime_UTR_variant	2.5160365882040658e-06	4	1589802	PASS	
GAPDH	Housekeeping	12-6534777-A-C	12	6534777	A	C	rs1010624608	5_prime_UTR_variant	1.3855923337947356e-06	2	1443426	AS_VQSR	
GAPDH	Housekeeping	12-6534777-A-G	12	6534777	A	G	rs1010624608	5_prime_UTR_variant	6.2672977417672775e-06	10	1595584	PASS	
GAPDH	Housekeeping	12-6534777-A-T	12	6534777	A	T	rs1010624608	5_prime_UTR_variant	6.927961668973678e-07	1	1443426	PASS	
GAPDH	Housekeeping	12-6534778-C-T	12	6534778	C	T	rs1438699650	5_prime_UTR_variant	3.567132813741847e-05	57	1597922	PASS	
GAPDH	Housekeeping	12-6534778-C-A	12	6534778	C	A		5_prime_UTR_variant	0.0	0	1445618	AC0	
GAPDH	Housekeeping	12-6534779-T-G	12	6534779	T	G	rs1946421036	5_prime_UTR_variant	2.7635722487601924e-06	4	1447402	PASS	
GAPDH	Housekeeping	12-6534779-T-TA	12	6534779	T	TA	rs1364148995	5_prime_UTR_variant	1.8755228019810523e-06	3	1599554	PASS	
GAPDH	Housekeeping	12-6534779-T-C	12	6534779	T	C		5_prime_UTR_variant	0.0	0	1447402	AC0	
GAPDH	Housekeeping	12-6534780-A-G	12	6534780	A	G	rs1022036623	5_prime_UTR_variant	3.7517070266971474e-06	6	1599272	PASS	
GAPDH	Housekeeping	12-6534780-A-T	12	6534780	A	T		5_prime_UTR_variant	0.0	0	1447180	AC0	
GAPDH	Housekeeping	12-6534781-G-A	12	6534781	G	A		5_prime_UTR_variant	1.3790117174625633e-06	2	1450314	PASS	
GAPDH	Housekeeping	12-6534781-G-T	12	6534781	G	T		5_prime_UTR_variant	6.895049078959344e-07	1	1450316	PASS	
GAPDH	Housekeeping	12-6534782-G-C	12	6534782	G	C	rs752478899	5_prime_UTR_variant	2.4960531160103087e-06	4	1602530	PASS	
GAPDH	Housekeeping	12-6534782-G-GCGCT	12	6534782	G	GCGCT	rs1343680912	5_prime_UTR_variant	6.5704749139267785e-06	1	152196	PASS	
GAPDH	Housekeeping	12-6534782-G-T	12	6534782	G	T	rs752478899	5_prime_UTR_variant	6.894963504958168e-07	1	1450334	PASS	
GAPDH	Housekeeping	12-6534783-C-A	12	6534783	C	A		5_prime_UTR_variant	0.0	0	1449778	AC0	
GAPDH	Housekeeping	12-6534783-C-T	12	6534783	C	T	rs1382799172	5_prime_UTR_variant	2.496906956507626e-06	4	1601982	PASS	
GAPDH	Housekeeping	12-6534783-C-G	12	6534783	C	G	rs1382799172	5_prime_UTR_variant	6.897560195007821e-07	1	1449788	PASS	
GAPDH	Housekeeping	12-6534784-G-A	12	6534784	G	A	rs577459586	5_prime_UTR_variant	3.1156297435462845e-06	5	1604812	PASS	
GAPDH	Housekeeping	12-6534784-G-T	12	6534784	G	T		5_prime_UTR_variant	0.0	0	1452502	AC0	
GAPDH	Housekeeping	12-6534785-C-A	12	6534785	C	A	rs753432264	5_prime_UTR_variant	6.875640294002379e-07	1	1454410	PASS	
GAPDH	Housekeeping	12-6534786-T-C	12	6534786	T	C	rs368616050	5_prime_UTR_variant	4.168548735312088e-05	67	1607274	PASS	
GAPDH	Housekeeping	12-6534786-T-A	12	6534786	T	A	rs368616050	5_prime_UTR_variant	1.3745780045526024e-06	2	1454992	PASS	
GAPDH	Housekeeping	12-6534787-C-G	12	6534787	C	G		5_prime_UTR_variant	6.869396289976452e-07	1	1455732	AS_VQSR	
GAPDH	Housekeeping	12-6534787-C-A	12	6534787	C	A		5_prime_UTR_variant	0.0	0	1455730	AC0	
GAPDH	Housekeeping	12-6534787-C-T	12	6534787	C	T	rs1439038752	5_prime_UTR_variant	6.86938685226834e-07	1	1455734	AS_VQSR	
GAPDH	Housekeeping	12-6534788-A-T	12	6534788	A	T		5_prime_UTR_variant	0.0	0	1456154	AC0	
GAPDH	Housekeeping	12-6534788-A-G	12	6534788	A	G	rs977932708	5_prime_UTR_variant	3.4337027539669567e-06	5	1456154	PASS	
GAPDH	Housekeeping	12-6534788-ACT-A	12	6534788	ACT	A		5_prime_UTR_variant	6.867405507933914e-07	1	1456154	PASS	
GAPDH	Housekeeping	12-6534789-C-T	12	6534789	C	T	rs750074039	5_prime_UTR_variant	7.5452026229868025e-06	11	1457880	PASS	
GAPDH	Housekeeping	12-6534790-T-C	12	6534790	T	C		5_prime_UTR_variant	0.0	0	1457432	AC0	
GAPDH	Housekeeping	12-6534793-T-C	12	6534793	T	C		intron_variant	6.85284475291383e-07	1	1459248	PASS	
GAPDH	Housekeeping	12-6534794-C-T	12	6534794	C	T	rs370942649	intron_variant	0.0006439617870467429	1037	1610344	PASS	
GAPDH	Housekeeping	12-6534794-C-G	12	6534794	C	G	rs370942649	intron_variant	3.1049227929898294e-06	5	1610346	PASS	
GAPDH	Housekeeping	12-6534794-C-A	12	6534794	C	A	rs370942649	intron_variant	5.589270587767695e-06	9	1610228	PASS	
GAPDH	Housekeeping	12-6534795-T-G	12	6534795	T	G	rs559451450	intron_variant	1.2421635010129844e-06	2	1610094	AS_VQSR	
GAPDH	Housekeeping	12-6534795-T-C	12	6534795	T	C	rs559451450	intron_variant	6.211264998652156e-06	10	1609978	PASS	
GAPDH	Housekeeping	12-6534797-TC-T	12	6534797	TC	T		intron_variant	6.851755419738537e-07	1	1459480	AS_VQSR	
GAPDH	Housekeeping	12-6534798-C-G	12	6534798	C	G	rs200278792	intron_variant	1.0555151286362496e-05	17	1610588	PASS	
GAPDH	Housekeeping	12-6534798-C-T	12	6534798	C	T	rs200278792	intron_variant	6.0222114056958946e-05	97	1610704	PASS	
GAPDH	Housekeeping	12-6534799-C-G	12	6534799	C	G	rs990783964	intron_variant	4.469639970500376e-05	72	1610868	PASS	
GAPDH	Housekeeping	12-6534799-C-T	12	6534799	C	T	rs990783964	intron_variant	1.7825996336072137e-05	26	1458544	PASS	
GAPDH	Housekeeping	12-6534800-C-T	12	6534800	C	T	rs916548537	intron_variant	1.5081694798597677e-05	22	1458722	PASS	
GAPDH	Housekeeping	12-6534814-G-A	12	6534814	G	A	rs35318117	5_prime_UTR_variant	7.437570889347539e-06	12	1613430	PASS	
GAPDH	Housekeeping	12-6534815-C-T	12	6534815	C	T	rs1241244805	5_prime_UTR_variant	1.3688804200820233e-06	2	1461048	PASS	
GAPDH	Housekeeping	12-6534819-A-G	12	6534819	A	G	rs764146133	5_prime_UTR_variant	3.71891452322896e-06	6	1613374	PASS	
GAPDH	Housekeeping	12-6534820-T-G	12	6534820	T	G	rs1415353727	5_prime_UTR_variant	6.843774423719975e-07	1	1461182	PASS	
GAPDH	Housekeeping	12-6534821-C-T	12	6534821	C	T	rs753709203	5_prime_UTR_variant	1.3687473908252863e-06	2	1461190	PASS	
GAPDH	Housekeeping	12-6534822-G-T	12	6534822	G	T		5_prime_UTR_variant	6.843839996495954e-07	1	1461168	PASS	
GAPDH	Housekeeping	12-6534823-C-T	12	6534823	C	T	rs1946422624	5_prime_UTR_variant	1.368713669206543e-06	2	1461226	PASS	
GAPDH	Housekeeping	12-6534824-T-G	12	6534824	T	G		5_prime_UTR_variant	4.106422033418062e-06	6	1461126	AS_VQSR	
GAPDH	Housekeeping	12-6534825-C-G	12	6534825	C	G	rs1136666	5_prime_UTR_variant	0.25837704224705776	416649	1612562	PASS	
GAPDH	Housekeeping	12-6534827-G-A	12	6534827	G	A	rs1388328766	5_prime_UTR_variant	1.3686799492493476e-06	2	1461262	PASS	
GAPDH	Housekeeping	12-6534828-A-G	12	6534828	A	G		5_prime_UTR_variant	6.843474678459342e-07	1	1461246	PASS	
GAPDH	Housekeeping	12-6534829-C-T	12	6534829	C	T	rs764733553	5_prime_UTR_variant	2.0530367835757056e-06	3	1461250	PASS	
GAPDH	Housekeeping	12-6534830-A-G	12	6534830	A	G		5_prime_UTR_variant	6.843615180780938e-07	1	1461216	PASS	
GAPDH	Housekeeping	12-6534831-C-T	12	6534831	C	T	rs1040520851	5_prime_UTR_variant	6.843455945252352e-07	1	1461250	PASS	
GAPDH	Housekeeping	12-6534831-C-G	12	6534831	C	G	rs1040520851	5_prime_UTR_variant	1.4874625500314227e-05	24	1613486	PASS	
GAPDH	Housekeeping	12-6534832-C-G	12	6534832	C	G		5_prime_UTR_variant	1.3687005556924256e-06	2	1461240	PASS	
GAPDH	Housekeeping	12-6534832-C-T	12	6534832	C	T	rs1323130446	5_prime_UTR_variant	6.568921120395186e-06	1	152232	PASS	
GAPDH	Housekeeping	12-6534864-G-T	12	6534864	G	T		intron_variant	0.0	0	1460094	AC0,AS_VQSR	
GAPDH	Housekeeping	12-6534865-A-G	12	6534865	A	G	rs1235783271	intron_variant	1.2405362590140465e-06	2	1612206	PASS	
GAPDH	Housekeeping	12-6534865-A-T	12	6534865	A	T		intron_variant	0.0	0	1459990	AC0,AS_VQSR	
GAPDH	Housekeeping	12-6534866-G-A	12	6534866	G	A	rs1946424818	intron_variant	6.568144499178982e-06	1	152250	PASS	
GAPDH	Housekeeping	12-6534867-T-G	12	6534867	T	G		intron_variant	0.0	0	1460118	AC0,AS_VQSR	
GAPDH	Housekeeping	12-6534870-G-C	12	6534870	G	C		intron_variant	1.3693771661835048e-06	2	1460518	PASS	
GAPDH	Housekeeping	12-6534870-G-GTATTGGGCGC	12	6534870	G	GTATTGGGCGC		intron_variant	0.0	0	1460516	AC0,AS_VQSR	
GAPDH	Housekeeping	12-6534870-G-GTAT	12	6534870	G	GTAT		intron_variant	0.0	0	1460512	AC0,AS_VQSR	
GAPDH	Housekeeping	12-6534871-C-T	12	6534871	C	T	rs1412336867	intron_variant	1.8605435764112844e-06	3	1612432	AS_VQSR	
GAPDH	Housekeeping	12-6534872-G-T	12	6534872	G	T		intron_variant	6.848039269396387e-07	1	1460272	PASS	
GAPDH	Housekeeping	12-6534872-G-C	12	6534872	G	C	rs1565551366	intron_variant	6.848039269396387e-07	1	1460272	PASS	
GAPDH	Housekeeping	12-6534874-G-A	12	6534874	G	A	rs1473113978	intron_variant	1.3695665869578912e-06	2	1460316	PASS	
GAPDH	Housekeeping	12-6534875-T-C	12	6534875	T	C	rs1161752221	intron_variant	1.849076968171222e-05	27	1460188	PASS	
GAPDH	Housekeeping	12-6534877-G-A	12	6534877	G	A	rs772459284	intron_variant	1.0543537989607792e-05	17	1612362	PASS	
GAPDH	Housekeeping	12-6534878-C-T	12	6534878	C	T	rs775837057	intron_variant	2.481481941015174e-06	4	1611940	PASS	
GAPDH	Housekeeping	12-6534878-C-G	12	6534878	C	G	rs775837057	intron_variant	6.850666432830585e-07	1	1459712	PASS	
GAPDH	Housekeeping	12-6534879-T-TG	12	6534879	T	TG	rs747077720	intron_variant	1.8611160740873087e-06	3	1611936	PASS	
GAPDH	Housekeeping	12-6534879-TG-T	12	6534879	TG	T	rs747077720	intron_variant	8.220957412700283e-06	12	1459684	PASS	
GAPDH	Housekeeping	12-6534880-G-A	12	6534880	G	A		intron_variant	6.85516543570746e-07	1	1458754	PASS	
GAPDH	Housekeeping	12-6534881-G-T	12	6534881	G	T	rs768334605	intron_variant	0.0	0	1459834	AC0	
GAPDH	Housekeeping	12-6534882-G-A	12	6534882	G	A		intron_variant	6.850009453013045e-07	1	1459852	PASS	
GAPDH	Housekeeping	12-6534883-G-C	12	6534883	G	C	rs776423534	intron_variant	3.4265726597879363e-06	5	1459184	PASS	
GAPDH	Housekeeping	12-6534884-G-A	12	6534884	G	A	rs761672440	intron_variant	6.570215897294385e-06	1	152202	PASS	
GAPDH	Housekeeping	12-6534884-G-C	12	6534884	G	C	rs761672440	intron_variant	6.826734983665485e-06	11	1611312	PASS	
GAPDH	Housekeeping	12-6534885-G-A	12	6534885	G	A	rs765111334	intron_variant	2.399534901577934e-05	35	1458616	PASS	
GAPDH	Housekeeping	12-6534885-G-T	12	6534885	G	T	rs765111334	intron_variant	1.3711628009016766e-06	2	1458616	PASS	
GAPDH	Housekeeping	12-6534886-C-T	12	6534886	C	T	rs772741670	intron_variant	1.3713696417159673e-06	2	1458396	PASS	
GAPDH	Housekeeping	12-6534886-C-A	12	6534886	C	A	rs772741670	intron_variant	2.057054462573951e-06	3	1458396	PASS	
GAPDH	Housekeeping	12-6534886-C-G	12	6534886	C	G	rs772741670	intron_variant	1.3028011596301691e-05	19	1458396	PASS	
GAPDH	Housekeeping	12-6534887-C-T	12	6534887	C	T		intron_variant	1.3711496404160068e-06	2	1458630	PASS	
GAPDH	Housekeeping	12-6534888-C-G	12	6534888	C	G		intron_variant	6.856528512188165e-07	1	1458464	PASS	
GAPDH	Housekeeping	12-6534889-T-G	12	6534889	T	G		intron_variant	6.85730899994377e-07	1	1458298	PASS	
GAPDH	Housekeeping	12-6534890-G-A	12	6534890	G	A		intron_variant	1.371516348474874e-06	2	1458240	PASS	
GAPDH	Housekeeping	12-6534890-G-T	12	6534890	G	T		intron_variant	1.371516348474874e-06	2	1458240	PASS	
GAPDH	Housekeeping	12-6534890-G-C	12	6534890	G	C		intron_variant	6.85758174237437e-07	1	1458240	PASS	
GAPDH	Housekeeping	12-6534891-G-C	12	6534891	G	C	rs551305045	intron_variant	6.830914982432129e-06	11	1610326	PASS	
GAPDH	Housekeeping	12-6534892-G-C	12	6534892	G	C		intron_variant	6.860009164972244e-07	1	1457724	PASS	
GAPDH	Housekeeping	12-6534893-C-A	12	6534893	C	A	rs1565551395	intron_variant	6.862259357719973e-07	1	1457246	PASS	
GAPDH	Housekeeping	12-6534894-T-C	12	6534894	T	C	rs764377735	intron_variant	2.0585845721437826e-06	3	1457312	PASS	
GAPDH	Housekeeping	12-6534896-C-T	12	6534896	C	T	rs1200936931	intron_variant	6.873012840162588e-07	1	1454966	PASS	
GAPDH	Housekeeping	12-6534896-C-A	12	6534896	C	A		intron_variant	2.749205136065035e-06	4	1454966	PASS	
GAPDH	Housekeeping	12-6534897-G-T	12	6534897	G	T	rs754178554	intron_variant	2.860212700339246e-05	46	1608272	PASS	
GAPDH	Housekeeping	12-6534897-G-A	12	6534897	G	A		intron_variant	4.1207319518808395e-06	6	1456052	PASS	
GAPDH	Housekeeping	12-6534900-C-T	12	6534900	C	T	rs1435561952	intron_variant	6.881043276257373e-07	1	1453268	PASS	
GAPDH	Housekeeping	12-6534901-G-A	12	6534901	G	A		intron_variant	0.0	0	1452816	AC0,AS_VQSR	
GAPDH	Housekeeping	12-6534901-GC-G	12	6534901	GC	G		intron_variant	1.376640611448694e-06	2	1452812	AS_VQSR	
GAPDH	Housekeeping	12-6534901-GCCCC-G	12	6534901	GCCCC	G		intron_variant	6.883174630270275e-07	1	1452818	PASS	
GAPDH	Housekeeping	12-6534902-C-T	12	6534902	C	T	rs1305809676	intron_variant	2.064770473231627e-06	3	1452946	PASS	
GAPDH	Housekeeping	12-6534902-C-A	12	6534902	C	A	rs1305809676	intron_variant	6.882568244105425e-07	1	1452946	PASS	
GAPDH	Housekeeping	12-6534902-CCCCCGAACCGCGTCTA-C	12	6534902	CCCCCGAACCGCGTCTA	C	rs781505683	intron_variant	0.0	0	1452946	AC0	
GAPDH	Housekeeping	12-6534903-C-T	12	6534903	C	T		intron_variant	6.884311892373421e-07	1	1452578	PASS	
GAPDH	Housekeeping	12-6534904-C-T	12	6534904	C	T	rs1251923349	intron_variant	1.2468843477360944e-06	2	1603998	PASS	
GAPDH	Housekeeping	12-6534904-C-G	12	6534904	C	G		intron_variant	6.887915702932461e-07	1	1451818	PASS	
GAPDH	Housekeeping	12-6534905-C-T	12	6534905	C	T	rs779527737	intron_variant	6.887545664427755e-07	1	1451896	PASS	
GAPDH	Housekeeping	12-6534905-C-A	12	6534905	C	A		intron_variant	6.887545664427755e-07	1	1451896	PASS	
GAPDH	Housekeeping	12-6534906-C-T	12	6534906	C	T	rs745997807	intron_variant	6.895648156448465e-06	10	1450190	PASS	
GAPDH	Housekeeping	12-6534907-G-A	12	6534907	G	A		intron_variant	6.898587997008772e-07	1	1449572	AS_VQSR	
GAPDH	Housekeeping	12-6534909-A-G	12	6534909	A	G	rs758541919	intron_variant	1.3815150522972524e-05	20	1447686	PASS	
GAPDH	Housekeeping	12-6534910-C-A	12	6534910	C	A		intron_variant	6.909503469261692e-07	1	1447282	AS_VQSR	
GAPDH	Housekeeping	12-6534910-C-T	12	6534910	C	T		intron_variant	6.909493921027248e-07	1	1447284	PASS	
GAPDH	Housekeeping	12-6534911-C-A	12	6534911	C	A		intron_variant	6.916098048138809e-07	1	1445902	AS_VQSR	
GAPDH	Housekeeping	12-6534911-C-T	12	6534911	C	T	rs780493688	intron_variant	1.3832196096277618e-06	2	1445902	PASS	
GAPDH	Housekeeping	12-6534913-C-A	12	6534913	C	A		intron_variant	0.0	0	1440590	AC0,AS_VQSR	
GAPDH	Housekeeping	12-6534914-G-T	12	6534914	G	T	rs571047589	intron_variant	1.8822442877022943e-06	3	1593842	PASS	
GAPDH	Housekeeping	12-6534914-G-C	12	6534914	G	C		intron_variant	6.937160425997148e-07	1	1441512	PASS	
GAPDH	Housekeeping	12-6534914-G-A	12	6534914	G	A		intron_variant	6.937160425997148e-07	1	1441512	PASS	
GAPDH	Housekeeping	12-6534915-T-C	12	6534915	T	C		intron_variant	6.949241351321676e-07	1	1439006	PASS	
GAPDH	Housekeeping	12-6534916-C-G	12	6534916	C	G		intron_variant	6.95092231788236e-07	1	1438658	PASS	
GAPDH	Housekeeping	12-6534916-C-T	12	6534916	C	T	rs1565551445	intron_variant	1.390184463576472e-06	2	1438658	PASS	
GAPDH	Housekeeping	12-6534917-T-C	12	6534917	T	C	rs1565551452	intron_variant	1.886441266279988e-06	3	1590296	PASS	
GAPDH	Housekeeping	12-6534917-T-TA	12	6534917	T	TA		intron_variant	1.3907083990443053e-06	2	1438116	PASS	
GAPDH	Housekeeping	12-6534918-A-G	12	6534918	A	G	rs117200642	intron_variant	0.0010361983662417016	1647	1589464	PASS	
GAPDH	Housekeeping	12-6534918-A-T	12	6534918	A	T		intron_variant	6.958022251755161e-07	1	1437190	PASS	
GAPDH	Housekeeping	12-6534919-C-A	12	6534919	C	A	rs45505494	intron_variant	1.3993901457744715e-06	2	1429194	PASS	
GAPDH	Housekeeping	12-6534919-C-G	12	6534919	C	G	rs45505494	intron_variant	0.003742036001446735	5918	1581492	PASS	
GAPDH	Housekeeping	12-6534919-C-T	12	6534919	C	T		intron_variant	6.996940937422159e-07	1	1429196	PASS	
GAPDH	Housekeeping	12-6534922-G-T	12	6534922	G	T	rs1482598394	intron_variant	4.4522294857166115e-06	7	1572246	PASS	
GAPDH	Housekeeping	12-6534922-G-GC	12	6534922	G	GC		intron_variant	7.042154335854424e-07	1	1420020	AS_VQSR	
GAPDH	Housekeeping	12-6534923-C-T	12	6534923	C	T		intron_variant	1.4111338460452973e-06	2	1417300	PASS	
GAPDH	Housekeeping	12-6534923-C-A	12	6534923	C	A		intron_variant	0.0	0	1417294	AC0,AS_VQSR	
GAPDH	Housekeeping	12-6534923-C-G	12	6534923	C	G		intron_variant	2.116700769067946e-06	3	1417300	PASS	
GAPDH	Housekeeping	12-6534924-C-T	12	6534924	C	T		intron_variant	2.1184256425538045e-06	3	1416146	PASS	
GAPDH	Housekeeping	12-6534924-C-A	12	6534924	C	A		intron_variant	0.0	0	1416146	AC0,AS_VQSR	
GAPDH	Housekeeping	12-6534925-T-G	12	6534925	T	G		intron_variant	1.412802534002625e-06	2	1415626	PASS	
GAPDH	Housekeeping	12-6534925-T-C	12	6534925	T	C	rs2136066876	intron_variant	0.0	0	1415626	AC0,AS_VQSR	
GAPDH	Housekeeping	12-6534926-T-C	12	6534926	T	C	rs1181156146	intron_variant	5.748756352375769e-06	9	1565556	PASS	
GAPDH	Housekeeping	12-6534926-T-G	12	6534926	T	G	rs1181156146	intron_variant	1.916249669446932e-06	3	1565558	AS_VQSR	
GAPDH	Housekeeping	12-6534927-G-C	12	6534927	G	C		intron_variant	7.099761590005807e-07	1	1408498	PASS	
GAPDH	Housekeeping	12-6534928-C-T	12	6534928	C	T	rs999777832	intron_variant	1.8750080819313876e-05	29	1546660	PASS	
GAPDH	Housekeeping	12-6534928-C-A	12	6534928	C	A		intron_variant	1.434228435299804e-06	2	1394478	PASS	
GAPDH	Housekeeping	12-6534928-C-G	12	6534928	C	G	rs999777832	intron_variant	1.4342263782915495e-06	2	1394480	PASS	
GAPDH	Housekeeping	12-6534929-G-A	12	6534929	G	A	rs1946426780	intron_variant	3.220524790955736e-06	5	1552542	PASS	
GAPDH	Housekeeping	12-6534930-G-A	12	6534930	G	A	rs567042193	intron_variant	1.931647991923136e-06	3	1553078	PASS	
GAPDH	Housekeeping	12-6534931-G-A	12	6534931	G	A		intron_variant	1.433280779704744e-06	2	1395400	PASS	
GAPDH	Housekeeping	12-6534932-C-T	12	6534932	C	T	rs1460952594	intron_variant	1.9436824489362225e-06	3	1543462	PASS	
GAPDH	Housekeeping	12-6534932-C-A	12	6534932	C	A		intron_variant	0.0	0	1391232	AC0	
GAPDH	Housekeeping	12-6534933-T-C	12	6534933	T	C	rs1946426908	intron_variant	2.8837516455407827e-06	4	1387082	PASS	
GAPDH	Housekeeping	12-6534933-TC-T	12	6534933	TC	T		intron_variant	7.209379113851957e-07	1	1387082	AS_VQSR	
GAPDH	Housekeeping	12-6534934-C-G	12	6534934	C	G		intron_variant	7.207394209867788e-07	1	1387464	PASS	
GAPDH	Housekeeping	12-6534935-C-T	12	6534935	C	T	rs1397470542	intron_variant	2.9211067489250326e-06	4	1369344	PASS	
GAPDH	Housekeeping	12-6534937-G-A	12	6534937	G	A	rs1166492560	intron_variant	6.653855776345276e-07	1	1502888	AC0	
GAPDH	Housekeeping	12-6534937-G-T	12	6534937	G	T		intron_variant	0.0	0	1350676	AC0,AS_VQSR	
GAPDH	Housekeeping	12-6534938-G-A	12	6534938	G	A		intron_variant	7.437521103966132e-07	1	1344534	PASS	
GAPDH	Housekeeping	12-6534939-T-A	12	6534939	T	A		intron_variant	7.442857461836748e-07	1	1343570	PASS	
GAPDH	Housekeeping	12-6534939-T-C	12	6534939	T	C		intron_variant	7.442857461836748e-07	1	1343570	PASS	
GAPDH	Housekeeping	12-6534940-C-T	12	6534940	C	T		intron_variant	7.448489967628863e-07	1	1342554	PASS	
GAPDH	Housekeeping	12-6534940-C-A	12	6534940	C	A	rs1946427125	intron_variant	7.448489967628863e-07	1	1342554	PASS	
GAPDH	Housekeeping	12-6534943-T-C	12	6534943	T	C	rs535558272	intron_variant	6.566505568396722e-06	1	152288	PASS	
GAPDH	Housekeeping	12-6534944-G-A	12	6534944	G	A	rs1034821886	intron_variant	1.5522310216474139e-06	2	1288468	PASS	
GAPDH	Housekeeping	12-6534944-GC-G	12	6534944	GC	G		intron_variant	7.761155108237069e-07	1	1288468	PASS	
GAPDH	Housekeeping	12-6534944-G-T	12	6534944	G	T		intron_variant	0.0	0	1288466	AC0,AS_VQSR	
GAPDH	Housekeeping	12-6534945-C-CA	12	6534945	C	CA		intron_variant	7.78755548633284e-07	1	1284100	PASS	
GAPDH	Housekeeping	12-6534945-C-T	12	6534945	C	T	rs151310315	intron_variant	0.0035958851655986924	5165	1436364	PASS	
GAPDH	Housekeeping	12-6534945-C-A	12	6534945	C	A		intron_variant	1.5575159489633174e-06	2	1284096	PASS	
GAPDH	Housekeeping	12-6534946-A-C	12	6534946	A	C		intron_variant	2.3486307482737564e-06	3	1277340	PASS	
GAPDH	Housekeeping	12-6534946-A-G	12	6534946	A	G		intron_variant	7.828769160912521e-07	1	1277340	PASS	
GAPDH	Housekeeping	12-6534947-G-T	12	6534947	G	T		intron_variant	0.0	0	1259424	AC0,AS_VQSR	
GAPDH	Housekeeping	12-6534949-C-G	12	6534949	C	G		intron_variant	8.033431930321224e-07	1	1244798	PASS	
GAPDH	Housekeeping	12-6534949-CGTATGGGGGCAGGGTAGCTGTTCCCCGCAAG-C	12	6534949	CGTATGGGGGCAGGGTAGCTGTTCCCCGCAAG	C		intron_variant	6.57133845021554e-06	1	152176	AS_VQSR	
GAPDH	Housekeeping	12-6534949-C-A	12	6534949	C	A		intron_variant	0.0	0	1244792	AC0,AS_VQSR	
GAPDH	Housekeeping	12-6534949-C-T	12	6534949	C	T	rs1592183390	intron_variant	0.0	0	1244798	AC0	
GAPDH	Housekeeping	12-6534949-CG-C	12	6534949	CG	C		intron_variant	8.033431930321224e-07	1	1244798	PASS	
GAPDH	Housekeeping	12-6534950-G-A	12	6534950	G	A		intron_variant	3.2129701177714195e-06	4	1244954	PASS	
GAPDH	Housekeeping	12-6534951-TATGGGGGCAGGG-T	12	6534951	TATGGGGGCAGGG	T		intron_variant	8.044754578672068e-07	1	1243046	PASS	
GAPDH	Housekeeping	12-6534952-A-ATG	12	6534952	A	ATG		intron_variant	3.231602487041274e-06	4	1237776	PASS	
GAPDH	Housekeeping	12-6534952-A-G	12	6534952	A	G	rs990731823	intron_variant	4.100949549686961e-05	57	1389922	PASS	
GAPDH	Housekeeping	12-6534952-ATGGGGGCAGGGTAGC-A	12	6534952	ATGGGGGCAGGGTAGC	A		intron_variant	0.0	0	1237776	AC0	
GAPDH	Housekeeping	12-6534953-TG-T	12	6534953	TG	T		intron_variant	1.6219389956304964e-06	2	1233092	PASS	
GAPDH	Housekeeping	12-6534953-T-C	12	6534953	T	C	rs1946427612	intron_variant	1.1353572969413475e-05	14	1233092	PASS	
GAPDH	Housekeeping	12-6534953-T-TG	12	6534953	T	TG		intron_variant	8.109694978152482e-07	1	1233092	PASS	
GAPDH	Housekeeping	12-6534954-G-A	12	6534954	G	A	rs1405407388	intron_variant	2.181742019187694e-06	3	1375048	PASS	
GAPDH	Housekeeping	12-6534954-G-T	12	6534954	G	T		intron_variant	0.0	0	1222824	AC0,AS_VQSR	
GAPDH	Housekeeping	12-6534955-G-T	12	6534955	G	T		intron_variant	0.0	0	1211068	AC0	
GAPDH	Housekeeping	12-6534956-G-A	12	6534956	G	A		intron_variant	8.335792392088999e-07	1	1199646	PASS	
GAPDH	Housekeeping	12-6534956-G-C	12	6534956	G	C		intron_variant	0.0	0	1199646	AC0	
GAPDH	Housekeeping	12-6534957-G-T	12	6534957	G	T		intron_variant	0.0	0	1193602	AC0,AS_VQSR	
GAPDH	Housekeeping	12-6534957-G-A	12	6534957	G	A		intron_variant	1.67560040951674e-06	2	1193602	PASS	
GAPDH	Housekeeping	12-6534957-GGCAGGGTAGCT-G	12	6534957	GGCAGGGTAGCT	G		intron_variant	8.3780020475837e-07	1	1193602	PASS	
GAPDH	Housekeeping	12-6534958-G-C	12	6534958	G	C		intron_variant	0.0	0	1183712	AC0	
GAPDH	Housekeeping	12-6534958-G-A	12	6534958	G	A	rs1946427732	intron_variant	8.448000865075288e-07	1	1183712	AS_VQSR	
GAPDH	Housekeeping	12-6534958-G-T	12	6534958	G	T		intron_variant	1.6895973182711364e-06	2	1183714	PASS	
GAPDH	Housekeeping	12-6534959-C-T	12	6534959	C	T	rs887048806	intron_variant	2.5433034819320728e-05	34	1336844	PASS	
GAPDH	Housekeeping	12-6534959-C-A	12	6534959	C	A		intron_variant	0.0	0	1184628	AC0	
GAPDH	Housekeeping	12-6534960-A-G	12	6534960	A	G		intron_variant	3.4106935474794124e-06	4	1172782	PASS	
GAPDH	Housekeeping	12-6534960-A-C	12	6534960	A	C	rs1251027108	intron_variant	8.526733868698531e-07	1	1172782	PASS	
GAPDH	Housekeeping	12-6534960-AGG-A	12	6534960	AGG	A		intron_variant	0.0	0	1172780	AC0	
GAPDH	Housekeeping	12-6534961-G-C	12	6534961	G	C		intron_variant	8.563990134283365e-07	1	1167680	PASS	
GAPDH	Housekeeping	12-6534961-G-T	12	6534961	G	T		intron_variant	0.0	0	1167680	AC0,AS_VQSR	
GAPDH	Housekeeping	12-6534961-G-A	12	6534961	G	A		intron_variant	0.0	0	1167680	AC0	
GAPDH	Housekeeping	12-6534962-G-T	12	6534962	G	T		intron_variant	0.0	0	1156546	AC0,AS_VQSR	
GAPDH	Housekeeping	12-6534962-G-A	12	6534962	G	A		intron_variant	3.4585800453765703e-06	4	1156544	PASS	
GAPDH	Housekeeping	12-6534963-G-C	12	6534963	G	C		intron_variant	0.0	0	1147608	AC0	
GAPDH	Housekeeping	12-6534963-G-A	12	6534963	G	A	rs1946427902	intron_variant	9.231138476308283e-06	12	1299948	PASS	
GAPDH	Housekeeping	12-6534963-G-T	12	6534963	G	T		intron_variant	0.0	0	1147608	AC0	
GAPDH	Housekeeping	12-6534964-T-G	12	6534964	T	G		intron_variant	0.0	0	1139324	AC0	
GAPDH	Housekeeping	12-6534965-A-T	12	6534965	A	T	rs1946428038	intron_variant	8.823913511529325e-07	1	1133284	PASS	
GAPDH	Housekeeping	12-6534965-A-G	12	6534965	A	G	rs1946428038	intron_variant	6.571943060685322e-06	1	152162	PASS	
GAPDH	Housekeeping	12-6534966-G-C	12	6534966	G	C	rs1946428105	intron_variant	0.0	0	1115924	AC0,AS_VQSR	
GAPDH	Housekeeping	12-6534966-G-T	12	6534966	G	T		intron_variant	0.0	0	1115926	AC0,AS_VQSR	
GAPDH	Housekeeping	12-6534967-C-A	12	6534967	C	A		intron_variant	0.0	0	1122524	AC0	
GAPDH	Housekeeping	12-6534967-C-G	12	6534967	C	G		intron_variant	1.7817022739866122e-06	2	1122522	PASS	
GAPDH	Housekeeping	12-6534967-C-T	12	6534967	C	T	rs575196987	intron_variant	4.706384367273686e-06	6	1274864	PASS	
GAPDH	Housekeeping	12-6534969-G-A	12	6534969	G	A	rs1946428223	intron_variant	8.9104640926118e-07	1	1122276	PASS	
GAPDH	Housekeeping	12-6534969-G-T	12	6534969	G	T		intron_variant	0.0	0	1122278	AC0	
GAPDH	Housekeeping	12-6534969-G-C	12	6534969	G	C	rs1946428223	intron_variant	2.3538494854485023e-06	3	1274508	PASS	
GAPDH	Housekeeping	12-6534970-T-C	12	6534970	T	C		intron_variant	9.078117198493033e-07	1	1101550	PASS	
GAPDH	Housekeeping	12-6534970-T-G	12	6534970	T	G		intron_variant	0.0	0	1101550	AC0	
GAPDH	Housekeeping	12-6534971-TC-T	12	6534971	TC	T	rs1358447926	intron_variant	4.7281172316633195e-05	59	1247854	PASS	
GAPDH	Housekeeping	12-6534972-C-T	12	6534972	C	T	rs1008533969	intron_variant	4.81907582976454e-06	6	1245052	PASS	
GAPDH	Housekeeping	12-6534972-C-A	12	6534972	C	A	rs1008533969	intron_variant	6.425444761254568e-06	8	1245050	PASS	
GAPDH	Housekeeping	12-6534973-C-A	12	6534973	C	A		intron_variant	9.168945149536326e-07	1	1090638	PASS	
GAPDH	Housekeeping	12-6534973-C-T	12	6534973	C	T	rs3741917	intron_variant	0.022577753602430695	28059	1242772	PASS	
GAPDH	Housekeeping	12-6534974-C-A	12	6534974	C	A		intron_variant	9.314421332260312e-07	1	1073604	PASS	
GAPDH	Housekeeping	12-6534974-C-T	12	6534974	C	T	rs1334367732	intron_variant	0.0	0	1073606	AC0	
GAPDH	Housekeeping	12-6534975-C-T	12	6534975	C	T	rs746570247	intron_variant	6.595696967298534e-06	7	1061298	PASS	
GAPDH	Housekeeping	12-6534975-C-A	12	6534975	C	A		intron_variant	0.0	0	1061296	AC0	
GAPDH	Housekeeping	12-6534975-C-G	12	6534975	C	G	rs746570247	intron_variant	0.00013101041161988193	159	1213644	PASS	
GAPDH	Housekeeping	12-6534976-G-C	12	6534976	G	C		intron_variant	1.9169427064163907e-06	2	1043328	PASS	
GAPDH	Housekeeping	12-6534976-G-T	12	6534976	G	T	rs558069721	intron_variant	0.0	0	1043328	AC0,AS_VQSR	
GAPDH	Housekeeping	12-6534976-G-A	12	6534976	G	A	rs558069721	intron_variant	4.181895736975486e-06	5	1195630	PASS	
GAPDH	Housekeeping	12-6534977-C-T	12	6534977	C	T		intron_variant	1.914362890458241e-06	2	1044734	PASS	
GAPDH	Housekeeping	12-6534977-C-A	12	6534977	C	A		intron_variant	9.57186942438606e-07	1	1044728	PASS	
GAPDH	Housekeeping	12-6534980-G-T	12	6534980	G	T		intron_variant	0.0	0	1041772	AC0	
GAPDH	Housekeeping	12-6534980-G-A	12	6534980	G	A		intron_variant	1.9198021835830037e-06	2	1041774	PASS	
GAPDH	Housekeeping	12-6534981-G-A	12	6534981	G	A	rs1946429216	intron_variant	0.0	0	1024490	AC0	
GAPDH	Housekeeping	12-6534981-G-T	12	6534981	G	T		intron_variant	0.0	0	1024488	AC0,AS_VQSR	
GAPDH	Housekeeping	12-6534982-A-G	12	6534982	A	G		intron_variant	9.74907822465386e-07	1	1025738	PASS	
GAPDH	Housekeeping	12-6534983-G-T	12	6534983	G	T		intron_variant	0.0	0	1009596	AC0,AS_VQSR	
GAPDH	Housekeeping	12-6534984-A-G	12	6534984	A	G		intron_variant	0.0	0	1004236	AC0,AS_VQSR	
GAPDH	Housekeeping	12-6534985-G-T	12	6534985	G	T		intron_variant	0.0	0	1152266	AC0	
GAPDH	Housekeeping	12-6534985-G-A	12	6534985	G	A	rs1377771783	intron_variant	6.999902001371981e-06	7	1000014	PASS	
GAPDH	Housekeeping	12-6534985-G-C	12	6534985	G	C	rs1377771783	intron_variant	3.471059176352368e-06	4	1152386	PASS	
GAPDH	Housekeeping	12-6534986-C-T	12	6534986	C	T		intron_variant	0.0	0	995988	AC0	
GAPDH	Housekeeping	12-6534986-C-A	12	6534986	C	A		intron_variant	2.0080563219637182e-06	2	995988	PASS	
GAPDH	Housekeeping	12-6534986-CTCAAGG-C	12	6534986	CTCAAGG	C		intron_variant	1.0040281609818591e-06	1	995988	AS_VQSR	
GAPDH	Housekeeping	12-6534987-T-G	12	6534987	T	G	rs1946429357	intron_variant	1.0190418153618515e-06	1	981314	PASS	
GAPDH	Housekeeping	12-6534987-T-C	12	6534987	T	C		intron_variant	3.0571254460855547e-06	3	981314	AS_VQSR	
GAPDH	Housekeeping	12-6534988-C-G	12	6534988	C	G	rs1946429418	intron_variant	1.7782456539676217e-06	2	1124704	PASS	
GAPDH	Housekeeping	12-6534988-C-A	12	6534988	C	A		intron_variant	0.0	0	972478	AC0	
GAPDH	Housekeeping	12-6534989-A-C	12	6534989	A	C		intron_variant	1.0352888559436967e-06	1	965914	PASS	
GAPDH	Housekeeping	12-6534989-A-T	12	6534989	A	T		intron_variant	1.0352845686693902e-06	1	965918	PASS	
GAPDH	Housekeeping	12-6534990-A-G	12	6534990	A	G		intron_variant	0.0	0	957918	AC0	
GAPDH	Housekeeping	12-6534991-G-A	12	6534991	G	A		intron_variant	1.0408426662225738e-06	1	960760	PASS	
GAPDH	Housekeeping	12-6534991-G-T	12	6534991	G	T		intron_variant	0.0	0	960760	AC0,AS_VQSR	
GAPDH	Housekeeping	12-6534992-G-A	12	6534992	G	A	rs984798303	intron_variant	6.3870361415002235e-06	7	1095970	PASS	
GAPDH	Housekeeping	12-6534993-T-A	12	6534993	T	A		intron_variant	0.0	0	944002	AC0	
GAPDH	Housekeeping	12-6534994-C-A	12	6534994	C	A		intron_variant	9.672302394862073e-06	9	930492	PASS	
GAPDH	Housekeeping	12-6534994-C-G	12	6534994	C	G		intron_variant	1.0746933362564992e-06	1	930498	PASS	
GAPDH	Housekeeping	12-6534994-C-T	12	6534994	C	T		intron_variant	2.1493866725129984e-06	2	930498	PASS	
GAPDH	Housekeeping	12-6534996-G-T	12	6534996	G	T	rs1565551517	intron_variant	6.5684896414918355e-06	1	152242	PASS	
GAPDH	Housekeeping	12-6534996-G-A	12	6534996	G	A		intron_variant	1.0873914783304627e-06	1	919632	PASS	
GAPDH	Housekeeping	12-6534997-C-T	12	6534997	C	T	rs1565551522	intron_variant	1.906635855431243e-06	2	1048968	PASS	
GAPDH	Housekeeping	12-6534997-C-A	12	6534997	C	A		intron_variant	1.1151355112673292e-06	1	896752	PASS	
GAPDH	Housekeeping	12-6534998-G-A	12	6534998	G	A		intron_variant	0.0	0	892738	AC0	
GAPDH	Housekeeping	12-6534999-C-T	12	6534999	C	T	rs1306796196	intron_variant	8.577293806622051e-06	9	1049282	PASS	
GAPDH	Housekeeping	12-6534999-C-A	12	6534999	C	A		intron_variant	1.114747665718388e-06	1	897064	PASS	
GAPDH	Housekeeping	12-6535001-C-A	12	6535001	C	A		intron_variant	0.0	0	850572	AC0,AS_VQSR	
GAPDH	Housekeeping	12-6535001-C-T	12	6535001	C	T	rs1307304941	intron_variant	0.0	0	850572	AC0	
GAPDH	Housekeeping	12-6535001-C-G	12	6535001	C	G	rs1307304941	intron_variant	2.9915757227646947e-06	3	1002816	PASS	
GAPDH	Housekeeping	12-6535002-G-A	12	6535002	G	A	rs1390117610	intron_variant	1.1759282777824814e-06	1	850392	PASS	
GAPDH	Housekeeping	12-6535002-G-C	12	6535002	G	C		intron_variant	1.175931043403615e-06	1	850390	PASS	
GAPDH	Housekeeping	12-6535002-G-T	12	6535002	G	T		intron_variant	0.0	0	850392	AC0,AS_VQSR	
GAPDH	Housekeeping	12-6535003-GACCTGGCGGAGC-G	12	6535003	GACCTGGCGGAGC	G		intron_variant	1.1671989093693392e-06	1	856752	PASS	
GAPDH	Housekeeping	12-6535003-G-A	12	6535003	G	A	rs868229918	intron_variant	2.3785973807678507e-05	24	1008998	PASS	
GAPDH	Housekeeping	12-6535003-G-C	12	6535003	G	C	rs868229918	intron_variant	3.666582764682682e-05	37	1009114	PASS	
GAPDH	Housekeeping	12-6535004-A-G	12	6535004	A	G	rs1592183466	intron_variant	2.339487745763188e-06	2	854888	PASS	
GAPDH	Housekeeping	12-6535005-C-T	12	6535005	C	T	rs577496272	intron_variant	7.089598343869827e-06	7	987362	PASS	
GAPDH	Housekeeping	12-6535005-C-A	12	6535005	C	A		intron_variant	0.0	0	834986	AC0	
GAPDH	Housekeeping	12-6535006-C-A	12	6535006	C	A		intron_variant	8.369101278081323e-06	7	836410	PASS	
GAPDH	Housekeeping	12-6535006-C-G	12	6535006	C	G	rs1393187941	intron_variant	2.3911603583871144e-06	2	836414	PASS	
GAPDH	Housekeeping	12-6535006-C-T	12	6535006	C	T	rs1393187941	intron_variant	7.173481075161344e-06	6	836414	PASS	
GAPDH	Housekeeping	12-6535007-T-A	12	6535007	T	A		intron_variant	0.0	0	835194	AC0	
GAPDH	Housekeeping	12-6535007-T-C	12	6535007	T	C		intron_variant	1.1973237419719443e-06	1	835196	AS_VQSR	
GAPDH	Housekeeping	12-6535008-G-T	12	6535008	G	T		intron_variant	0.0	0	830290	AC0	
GAPDH	Housekeeping	12-6535009-G-A	12	6535009	G	A		intron_variant	0.0	0	806288	AC0,AS_VQSR	
GAPDH	Housekeeping	12-6535009-G-T	12	6535009	G	T		intron_variant	0.0	0	806290	AC0,AS_VQSR	
GAPDH	Housekeeping	12-6535010-C-T	12	6535010	C	T		intron_variant	1.2460127591706539e-06	1	802560	AS_VQSR	
GAPDH	Housekeeping	12-6535010-C-A	12	6535010	C	A		intron_variant	1.2460220745270722e-06	1	802554	PASS	
GAPDH	Housekeeping	12-6535011-G-A	12	6535011	G	A		intron_variant	2.4715646487165165e-06	2	809204	PASS	
GAPDH	Housekeeping	12-6535011-G-C	12	6535011	G	C	rs1946430184	intron_variant	1.2357823243582582e-06	1	809204	PASS	
